GameUID,PitchNo,PitchUID,PlayID,Date,Time,UTCDate,UTCTime,LocalDateTime,UTCDateTime,PitcherTeam,BatterTeam,PitchCall,PlayResult,DetectedShift,1B_PositionAtReleaseX,1B_PositionAtReleaseZ,2B_PositionAtReleaseX,2B_PositionAtReleaseZ,3B_PositionAtReleaseX,3B_PositionAtReleaseZ,SS_PositionAtReleaseX,SS_PositionAtReleaseZ,LF_PositionAtReleaseX,LF_PositionAtReleaseZ,CF_PositionAtReleaseX,CF_PositionAtReleaseZ,RF_PositionAtReleaseX,RF_PositionAtReleaseZ,1B_Name,1B_Id,2B_Name,2B_Id,3B_Name,3B_Id,SS_Name,SS_Id,LF_Name,LF_Id,CF_Name,CF_Id,RF_Name,RF_Id,FHC
dd2b062d-86f8-40ae-950a-2dd1202047da,1,9408b480-7914-11ef-a782-b30d481af723,c138ab0c-143a-483d-aa86-b830a8003795,2024-09-22,14:57:55.45,2024-09-22,18:57:55.45,2024-09-22T14:57:55.4556206-04:00,2024-09-22T18:57:55.4556206Z,CEN_COL,CEN_COL,BallCalled,Undefined,NoShift,96.48062,75.38577,151.08993,44.30163,79.58188,-56.49504,146.45578,-34.82616,280.76745,-137.05273,339.48302,-1.62797,238.49715,129.49344,,,,,,,,,,,,,,,true
dd2b062d-86f8-40ae-950a-2dd1202047da,2,9d5efe90-7914-11ef-a782-b30d481af723,f292f4a1-0f29-4894-b4be-c8f3cb60a2fc,2024-09-22,14:58:11.13,2024-09-22,18:58:11.13,2024-09-22T14:58:11.1358254-04:00,2024-09-22T18:58:11.1358254Z,CEN_COL,CEN_COL,StrikeSwinging,Undefined,NoShift,96.91023,73.35306,147.31685,43.13067,80.67471,-57.57749,148.15647,-36.31759,276.04332,-140.32502,336.26592,-0.76459,236.37519,127.93432,,,,,,,,,,,,,,,true
dd2b062d-86f8-40ae-950a-2dd1202047da,3,a64bb160-7914-11ef-a782-b30d481af723,4c69377f-9472-4857-937c-32d0d7b43c60,2024-09-22,14:58:26.09,2024-09-22,18:58:26.09,2024-09-22T14:58:26.0920110-04:00,2024-09-22T18:58:26.0920110Z,CEN_COL,CEN_COL,InPlay,Out,NoShift,99.68103,80.66652,150.02023,48.68333,81.98971,-59.03355,143.53638,-36.35472,292.56261,-146.66457,339.06298,3.09704,233.8233,136.5734,,,,,,,,,,,,,,,true
dd2b062d-86f8-40ae-950a-2dd1202047da,4,b7c088d0-7914-11ef-a782-b30d481af723,d417b910-45ad-4ed9-b78b-bedec40035d6,2024-09-22,14:58:55.31,2024-09-22,18:58:55.31,2024-09-22T14:58:55.3156398-04:00,2024-09-22T18:58:55.3156398Z,CEN_COL,CEN_COL,BallCalled,Undefined,NoShift,99.82992,74.71205,150.2639,43.83882,93.66451,-74.04591,151.85983,-33.44526,281.12225,-160.02688,340.23051,-5.85452,235.91308,128.75219,,,,,,,,,,,,,,,true
dd2b062d-86f8-40ae-950a-2dd1202047da,5,c0c7ef90-7914-11ef-a782-b30d481af723,29ccdee4-cae5-4028-a612-3992bdac8d5f,2024-09-22,14:59:10.59,2024-09-22,18:59:10.59,2024-09-22T14:59:10.5931566-04:00,2024-09-22T18:59:10.5931566Z,CEN_COL,CEN_COL,InPlay,Out,NoShift,96.17523,75.0029,149.84395,44.64541,95.52927,-75.25945,149.65363,-40.20034,268.16316,-143.98061,338.94049,-5.3716,238.97282,129.59433,,,,,,,,,,,,,,,true
dd2b062d-86f8-40ae-950a-2dd1202047da,6,d50e84a0-7914-11ef-a782-b30d481af723,d244c887-03a6-468b-85de-de4943ae3a16,2024-09-22,14:59:44.63,2024-09-22,18:59:44.63,2024-09-22T14:59:44.6361902-04:00,2024-09-22T18:59:44.6361902Z,CEN_COL,CEN_COL,StrikeCalled,Undefined,NoShift,97.77357,75.47535,151.099,42.58176,98.45455,-78.09133,148.73819,-45.57378,267.57458,-141.89759,330.98626,-8.43682,254.79127,140.41573,,,,,,,,,,,,,,,true
dd2b062d-86f8-40ae-950a-2dd1202047da,7,dd9d11e0-7914-11ef-a782-b30d481af723,742e2376-703b-4ec8-a6bc-46faf80d9547,2024-09-22,14:59:59.02,2024-09-22,18:59:59.02,2024-09-22T14:59:59.0203694-04:00,2024-09-22T18:59:59.0203694Z,CEN_COL,CEN_COL,StrikeSwinging,Undefined,NoShift,98.08027,77.6826,148.55195,43.65435,97.14363,-76.87231,150.11165,-45.40261,266.34355,-141.20946,336.52221,-8.29374,255.59397,138.63128,,,,,,,,,,,,,,,true
dd2b062d-86f8-40ae-950a-2dd1202047da,8,e65e6ef0-7914-11ef-a782-b30d481af723,66ab7010-0941-4835-8d84-919d63c583db,2024-09-22,15:00:13.64,2024-09-22,19:00:13.64,2024-09-22T15:00:13.6407854-04:00,2024-09-22T19:00:13.6407854Z,CEN_COL,CEN_COL,BallCalled,Undefined,NoShift,95.76014,74.9124,149.14003,46.57417,99.16699,-78.30444,146.01096,-43.26417,273.63793,-146.72825,335.51518,-8.15299,253.48288,137.61769,,,,,,,,,,,,,,,true
dd2b062d-86f8-40ae-950a-2dd1202047da,9,f2816d90-7914-11ef-a782-b30d481af723,99e42721-3ff1-4bfc-88b9-374be2093da2,2024-09-22,15:00:34.05,2024-09-22,19:00:34.05,2024-09-22T15:00:34.0560686-04:00,2024-09-22T19:00:34.0560686Z,CEN_COL,CEN_COL,FoulBallNotFieldable,Undefined,NoShift,94.29764,72.84868,150.41353,46.06636,98.88374,-79.23913,148.83237,-43.79461,261.88313,-142.97235,326.44655,-8.63422,251.72504,136.62766,,,,,,,,,,,,,,,true
dd2b062d-86f8-40ae-950a-2dd1202047da,10,ffc48230-7914-11ef-a782-b30d481af723,5b6602fa-f90d-4233-94fd-295cf3968ccf,2024-09-22,15:00:56.24,2024-09-22,19:00:56.24,2024-09-22T15:00:56.2450000-04:00,2024-09-22T19:00:56.2450000Z,CEN_COL,CEN_COL,StrikeSwinging,Undefined,NoShift,94.53475,72.54664,149.38786,47.02403,100.90101,-81.66039,148.57967,-44.25721,258.85307,-142.85579,329.58776,6.25097,251.87169,138.86886,,,,,,,,,,,,,,,true
dd2b062d-86f8-40ae-950a-2dd1202047da,11,daa05730-7915-11ef-a782-b30d481af723,26f0e645-2ed4-4dbc-ab4c-2efb019d286e,2024-09-22,15:07:03.51,2024-09-22,19:07:03.51,2024-09-22T15:07:03.5124526-04:00,2024-09-22T19:07:03.5124526Z,CEN_COL,CEN_COL,StrikeCalled,Undefined,NoShift,99.27492,75.12704,150.62029,39.71355,79.10481,-56.05801,144.34309,-39.92527,279.53369,-152.10647,316.17565,4.5618,252.1817,138.08408,,,,,,,,,,,,,,,true
dd2b062d-86f8-40ae-950a-2dd1202047da,12,e402d640-7915-11ef-a782-b30d481af723,f395efe5-dbc5-4915-8298-3fbc1e12175e,2024-09-22,15:07:19.20,2024-09-22,19:07:19.20,2024-09-22T15:07:19.2063278-04:00,2024-09-22T19:07:19.2063278Z,CEN_COL,CEN_COL,BallCalled,Undefined,NoShift,98.199,71.3201,147.5163,39.65067,80.05199,-54.19233,146.52199,-38.15841,279.80682,-152.60294,316.79538,5.27516,253.69304,136.17811,,,,,,,,,,,,,,,true
dd2b062d-86f8-40ae-950a-2dd1202047da,13,edcaa6d0-7915-11ef-a782-b30d481af723,a6b0291b-d822-496c-9054-5aefeb9ddac2,2024-09-22,15:07:35.49,2024-09-22,19:07:35.49,2024-09-22T15:07:35.4976046-04:00,2024-09-22T19:07:35.4976046Z,CEN_COL,CEN_COL,BallCalled,Undefined,NoShift,97.84313,74.06215,149.06854,40.82264,82.33158,-57.44292,143.66403,-39.26484,278.18014,-150.77763,310.81646,7.29572,253.77456,141.53285,,,,,,,,,,,,,,,true
dd2b062d-86f8-40ae-950a-2dd1202047da,14,f77f3d80-7915-11ef-a782-b30d481af723,631646e5-93b5-4a3b-bf37-d608c3cbab04,2024-09-22,15:07:51.79,2024-09-22,19:07:51.79,2024-09-22T15:07:51.7910318-04:00,2024-09-22T19:07:51.7910318Z,CEN_COL,CEN_COL,BallCalled,Undefined,NoShift,98.16991,74.88431,149.48752,42.17965,82.37199,-57.38418,145.40105,-36.99585,276.72692,-148.78208,313.51235,8.09705,254.66702,140.82481,,,,,,,,,,,,,,,true
dd2b062d-86f8-40ae-950a-2dd1202047da,15,00c5f730-7916-11ef-a782-b30d481af723,3f9c6aa0-bdf4-46ad-8fca-262bb781e6d8,2024-09-22,15:08:07.43,2024-09-22,19:08:07.43,2024-09-22T15:08:07.4339118-04:00,2024-09-22T19:08:07.4339118Z,CEN_COL,CEN_COL,FoulBallNotFieldable,Undefined,NoShift,95.16526,72.81055,145.607,38.97239,86.45756,-61.691,143.47013,-36.1471,275.79455,-149.93213,316.98443,9.12302,258.48762,143.43523,,,,,,,,,,,,,,,true
dd2b062d-86f8-40ae-950a-2dd1202047da,16,0c13a470-7916-11ef-a782-b30d481af723,4a340f5e-61e7-474a-bcc5-780924487113,2024-09-22,15:08:26.44,2024-09-22,19:08:26.44,2024-09-22T15:08:26.4459054-04:00,2024-09-22T19:08:26.4459054Z,CEN_COL,CEN_COL,FoulBallNotFieldable,Undefined,NoShift,95.05421,73.19474,147.65451,45.66209,91.88482,-65.37416,147.29186,-35.80023,273.7129,-160.14507,316.01963,10.92,251.93072,138.18133,,,,,,,,,,,,,,,true
dd2b062d-86f8-40ae-950a-2dd1202047da,17,1661e310-7916-11ef-a782-b30d481af723,5c6c59ca-f5f0-43f0-8508-0adacd38485a,2024-09-22,15:08:43.74,2024-09-22,19:08:43.74,2024-09-22T15:08:43.7490990-04:00,2024-09-22T19:08:43.7490990Z,CEN_COL,CEN_COL,BallCalled,Undefined,NoShift,97.48937,74.11257,149.21575,45.25092,93.67859,-67.53343,147.59187,-34.45836,269.00183,-156.31797,312.07103,8.32623,252.7488,144.81441,,,,,,,,,,,,,,,true
dd2b062d-86f8-40ae-950a-2dd1202047da,18,264ff370-7916-11ef-a782-b30d481af723,17912988-5a28-4311-8578-d99752464d1c,2024-09-22,15:09:10.50,2024-09-22,19:09:10.50,2024-09-22T15:09:10.5015598-04:00,2024-09-22T19:09:10.5015598Z,CEN_COL,CEN_COL,FoulBallNotFieldable,Undefined,NoShift,64.18124,58.40429,144.33805,24.3549,88.60668,-60.48252,148.28085,-28.70274,281.76612,-153.43173,326.60221,4.25643,252.51807,141.98442,,,,,,,,,,,,,,,true
dd2b062d-86f8-40ae-950a-2dd1202047da,19,336ede40-7916-11ef-a782-b30d481af723,08d049bf-cc92-4bb3-b79d-9783334423f6,2024-09-22,15:09:32.47,2024-09-22,19:09:32.47,2024-09-22T15:09:32.4791598-04:00,2024-09-22T19:09:32.4791598Z,CEN_COL,CEN_COL,InPlay,Single,NoShift,64.20726,58.10026,142.18697,26.58269,87.97139,-61.24228,148.54255,-27.47791,281.1889,-148.99312,323.8235,-0.76834,258.02328,138.02009,,,,,,,,,,,,,,,true
dd2b062d-86f8-40ae-950a-2dd1202047da,20,4ad1a770-7916-11ef-a782-b30d481af723,66ca7356-ced4-4205-9252-9a53728c1c97,2024-09-22,15:10:11.74,2024-09-22,19:10:11.74,2024-09-22T15:10:11.7466926-04:00,2024-09-22T19:10:11.7466926Z,CEN_COL,CEN_COL,StrikeCalled,Undefined,NoShift,85.36304,71.23446,143.13713,39.1492,76.35374,-53.91648,153.11241,-17.18587,261.40239,-157.73841,322.71136,1.12934,255.19583,146.44367,,,,,,,,,,,,,,,true
dd2b062d-86f8-40ae-950a-2dd1202047da,21,54924c10-7916-11ef-a782-b30d481af723,f3c18710-eef9-47d8-b303-6bad3280959e,2024-09-22,15:10:28.03,2024-09-22,19:10:28.03,2024-09-22T15:10:28.0342318-04:00,2024-09-22T19:10:28.0342318Z,CEN_COL,CEN_COL,BallCalled,Undefined,NoShift,86.38229,68.38496,141.97127,40.39294,84.52331,-53.08651,152.27459,-16.16889,261.70734,-153.33795,318.64404,1.77595,258.62648,144.22162,,,,,,,,,,,,,,,true
dd2b062d-86f8-40ae-950a-2dd1202047da,22,5f5fccd0-7916-11ef-a782-b30d481af723,c35e9772-98bb-4112-8da5-2ad25e7a7c25,2024-09-22,15:10:46.17,2024-09-22,19:10:46.17,2024-09-22T15:10:46.1797678-04:00,2024-09-22T19:10:46.1797678Z,CEN_COL,CEN_COL,BallCalled,Undefined,NoShift,86.50698,69.50673,139.30795,39.7075,81.35422,-53.87583,154.10064,-16.81682,253.88487,-153.318,322.23388,-0.03587,254.11219,141.90904,,,,,,,,,,,,,,,true
dd2b062d-86f8-40ae-950a-2dd1202047da,23,68d585c0-7916-11ef-a782-b30d481af723,0c7b5125-3b7b-449f-9ca0-f7463734577d,2024-09-22,15:11:02.09,2024-09-22,19:11:02.09,2024-09-22T15:11:02.0975918-04:00,2024-09-22T19:11:02.0975918Z,CEN_COL,CEN_COL,InPlay,Out,NoShift,84.8298,68.80855,140.29589,39.18072,80.01404,-53.98141,145.76539,-15.8531,257.08863,-153.04314,317.21086,0.64899,259.07841,144.67425,,,,,,,,,,,,,,,true
dd2b062d-86f8-40ae-950a-2dd1202047da,24,7e720de0-7916-11ef-a782-b30d481af723,208f810c-ecd2-48dc-bb1d-5450ceb53cbe,2024-09-22,15:11:38.19,2024-09-22,19:11:38.19,2024-09-22T15:11:38.1966126-04:00,2024-09-22T19:11:38.1966126Z,CEN_COL,CEN_COL,FoulBallNotFieldable,Undefined,NoShift,74.12519,57.04639,105.70021,27.28144,74.72404,-54.44972,112.29177,-29.68654,268.70881,-151.6114,321.28172,-2.82612,261.44788,144.57291,,,,,,,,,,,,,,,true
dd2b062d-86f8-40ae-950a-2dd1202047da,25,8900ff00-7916-11ef-a782-b30d481af723,b0a48f39-f7e8-42b8-b293-a427c213e493,2024-09-22,15:11:55.85,2024-09-22,19:11:55.85,2024-09-22T15:11:55.8580014-04:00,2024-09-22T19:11:55.8580014Z,CEN_COL,CEN_COL,FoulBallNotFieldable,Undefined,NoShift,74.89834,56.82962,106.23827,29.17399,73.39061,-54.95679,113.23616,-27.16122,267.3768,-151.95363,318.68369,1.15896,258.44115,143.16579,,,,,,,,,,,,,,,true
dd2b062d-86f8-40ae-950a-2dd1202047da,26,9833aea0-7916-11ef-a782-b30d481af723,59acaaad-c1a2-4291-83b4-4b14b6025285,2024-09-22,15:12:21.49,2024-09-22,19:12:21.49,2024-09-22T15:12:21.4978862-04:00,2024-09-22T19:12:21.4978862Z,CEN_COL,CEN_COL,FoulBallNotFieldable,Undefined,NoShift,73.47126,56.65591,111.05724,29.58337,75.44917,-55.5459,116.45084,-28.13182,270.76585,-154.36259,320.03831,0.0872,256.3359,144.27713,,,,,,,,,,,,,,,true
dd2b062d-86f8-40ae-950a-2dd1202047da,27,ad90e3d0-7916-11ef-a782-b30d481af723,8ea37df0-7285-4a79-a2bf-e868188c9f4c,2024-09-22,15:12:57.39,2024-09-22,19:12:57.39,2024-09-22T15:12:57.3980974-04:00,2024-09-22T19:12:57.3980974Z,CEN_COL,CEN_COL,StrikeSwinging,Undefined,NoShift,73.67034,57.03948,112.23462,30.72206,73.41455,-54.28455,113.77249,-29.81878,273.73818,-151.18408,319.8571,7.42205,261.29181,144.40882,,,,,,,,,,,,,,,true
dd2b062d-86f8-40ae-950a-2dd1202047da,28,bf051f00-7916-11ef-a782-b30d481af723,b2896816-e92a-4301-afc2-6d3326467c30,2024-09-22,15:13:26.54,2024-09-22,19:13:26.54,2024-09-22T15:13:26.5489198-04:00,2024-09-22T19:13:26.5489198Z,CEN_COL,CEN_COL,BallCalled,Undefined,NoShift,94.55818,73.94782,147.65061,40.84628,83.81732,-62.19483,143.4267,-36.81634,270.73988,-153.72229,312.65192,2.88879,261.47209,145.31834,,,,,,,,,,,,,,,true
dd2b062d-86f8-40ae-950a-2dd1202047da,29,c9d29fc0-7916-11ef-a782-b30d481af723,4aa31731-264a-4f78-9a9f-162b8e414a0d,2024-09-22,15:13:44.69,2024-09-22,19:13:44.69,2024-09-22T15:13:44.6996782-04:00,2024-09-22T19:13:44.6996782Z,CEN_COL,CEN_COL,StrikeSwinging,Undefined,NoShift,94.60427,74.76553,145.27351,42.11574,87.35423,-61.45731,144.97778,-35.60548,280.09688,-147.17465,313.52854,4.57251,258.29764,145.06976,,,,,,,,,,,,,,,true
dd2b062d-86f8-40ae-950a-2dd1202047da,30,d4427020-7916-11ef-a782-b30d481af723,62981fa3-a0b5-4947-a007-889af3105b08,2024-09-22,15:14:02.17,2024-09-22,19:14:02.17,2024-09-22T15:14:02.1701934-04:00,2024-09-22T19:14:02.1701934Z,CEN_COL,CEN_COL,StrikeCalled,Undefined,NoShift,97.02648,78.5313,149.47475,45.88916,81.81257,-64.77958,144.49031,-34.52154,278.38731,-148.82024,316.55028,4.47853,257.54189,142.28965,,,,,,,,,,,,,,,true
dd2b062d-86f8-40ae-950a-2dd1202047da,31,e27aba30-7916-11ef-a782-b30d481af723,a857ddfa-0153-4694-97c6-0da0f92713e2,2024-09-22,15:14:26.06,2024-09-22,19:14:26.06,2024-09-22T15:14:26.0658990-04:00,2024-09-22T19:14:26.0658990Z,CEN_COL,CEN_COL,StrikeCalled,Undefined,NoShift,94.97324,76.30908,147.01849,44.63736,94.50659,-66.70126,143.59206,-35.02287,280.40346,-150.70877,317.1459,4.38115,259.13694,145.24429,,,,,,,,,,,,,,,true
dd2b062d-86f8-40ae-950a-2dd1202047da,32,4c126f60-7917-11ef-a782-b30d481af723,0739b87f-44ff-4dd2-9257-87910db410b6,2024-09-22,15:17:23.31,2024-09-22,19:17:23.31,2024-09-22T15:17:23.3179438-04:00,2024-09-22T19:17:23.3179438Z,CEN_COL,CEN_COL,BallCalled,Undefined,NoShift,102.32953,73.62017,149.08274,44.72944,86.52351,-63.22189,148.99606,-37.69636,253.77593,-148.3413,327.40338,-14.04132,269.45033,142.89519,,,,,,,,,,,,,,,true
dd2b062d-86f8-40ae-950a-2dd1202047da,33,551b83d0-7917-11ef-a782-b30d481af723,6edc36a1-9ccc-415d-a7bd-64baa92696df,2024-09-22,15:17:38.24,2024-09-22,19:17:38.24,2024-09-22T15:17:38.2471982-04:00,2024-09-22T19:17:38.2471982Z,CEN_COL,CEN_COL,BallCalled,Undefined,NoShift,100.9987,72.58511,146.58937,46.7718,86.80704,-63.63636,148.39774,-40.01648,254.98882,-147.14955,326.75275,-12.72148,263.86897,140.3395,,,,,,,,,,,,,,,true
dd2b062d-86f8-40ae-950a-2dd1202047da,34,60f3bdd0-7917-11ef-a782-b30d481af723,7085a39e-495c-4126-8bae-16910e42365e,2024-09-22,15:17:58.38,2024-09-22,19:17:58.38,2024-09-22T15:17:58.3876910-04:00,2024-09-22T19:17:58.3876910Z,CEN_COL,CEN_COL,InPlay,Single,NoShift,100.65368,72.17282,149.01958,47.22123,93.9461,-72.26313,149.55955,-42.78334,256.42465,-146.12902,326.88991,-8.42097,263.05757,140.92446,,,,,,,,,,,,,,,true
dd2b062d-86f8-40ae-950a-2dd1202047da,35,73dd8200-7917-11ef-a782-b30d481af723,6086ee7a-0e5c-470a-8471-6f392e717a3e,2024-09-22,15:18:30.01,2024-09-22,19:18:30.01,2024-09-22T15:18:30.0186414-04:00,2024-09-22T19:18:30.0186414Z,CEN_COL,CEN_COL,StrikeCalled,Undefined,NoShift,67.27163,53.86218,148.3174,25.7106,79.83756,-56.31901,145.28061,-26.75325,264.81326,-144.10665,323.45997,-13.17942,257.05933,137.81707,"Carter, Ethan",1000280109,"Lopez, Aaron",1000190334,"Rygalski, Evan",10320163,"Hansen, Alex",10046576,"Maggard, Matthew",1000190343,"Craig, Jamison",10050059,"Mire, Carson",10005593,true
dd2b062d-86f8-40ae-950a-2dd1202047da,36,7e3e1020-7917-11ef-a782-b30d481af723,94ec3e4b-1965-4510-8e12-21639ba53ac8,2024-09-22,15:18:47.31,2024-09-22,19:18:47.31,2024-09-22T15:18:47.3195822-04:00,2024-09-22T19:18:47.3195822Z,CEN_COL,CEN_COL,InPlay,Error,NoShift,67.2742,54.60238,149.60629,23.62833,82.49994,-58.65235,149.54472,-27.82945,264.23832,-144.65992,307.45596,-9.99923,258.97915,138.97126,"Carter, Ethan",1000280109,"Lopez, Aaron",1000190334,"Rygalski, Evan",10320163,"Hansen, Alex",10046576,"Maggard, Matthew",1000190343,"Craig, Jamison",10050059,"Mire, Carson",10005593,true
dd2b062d-86f8-40ae-950a-2dd1202047da,37,97ffd7f0-7917-11ef-a782-b30d481af723,7b7c37f0-9ca3-4a77-bd9c-492697a54078,2024-09-22,15:19:30.57,2024-09-22,19:19:30.57,2024-09-22T15:19:30.5757486-04:00,2024-09-22T19:19:30.5757486Z,CEN_COL,CEN_COL,StrikeCalled,Undefined,NoShift,85.77801,70.29289,150.91146,25.41278,83.82432,-47.4276,146.83478,-28.52277,239.06645,-117.21347,319.57663,4.54692,265.76478,142.436,,,,,,,,,,,,,,,true
dd2b062d-86f8-40ae-950a-2dd1202047da,38,a31b78b0-7917-11ef-a782-b30d481af723,9e0ee17b-8bc0-4c8e-9972-fc6a94e780da,2024-09-22,15:19:49.24,2024-09-22,19:19:49.24,2024-09-22T15:19:49.2454190-04:00,2024-09-22T19:19:49.2454190Z,CEN_COL,CEN_COL,BallCalled,Undefined,NoShift,85.40272,69.46611,147.43994,29.08236,87.49504,-51.8634,139.25057,-15.42176,237.80238,-117.85882,314.68939,-7.089,262.68449,139.87639,,,,,,,,,,,,,,,true
dd2b062d-86f8-40ae-950a-2dd1202047da,39,adbf9f80-7917-11ef-a782-b30d481af723,fb0bb963-2abe-43ea-ba96-03d50fac4703,2024-09-22,15:20:07.12,2024-09-22,19:20:07.12,2024-09-22T15:20:07.1284526-04:00,2024-09-22T19:20:07.1284526Z,CEN_COL,CEN_COL,StrikeSwinging,Undefined,NoShift,84.27599,68.46271,147.88888,28.00021,87.84117,-52.59943,143.30388,-18.89471,237.00742,-118.90988,320.07161,-4.38634,265.28523,143.65216,,,,,,,,,,,,,,,true
dd2b062d-86f8-40ae-950a-2dd1202047da,40,bb671b40-7917-11ef-a782-b30d481af723,e30f337b-4924-4b6e-9325-01ea4d5cf5e5,2024-09-22,15:20:29.98,2024-09-22,19:20:29.98,2024-09-22T15:20:29.9890990-04:00,2024-09-22T19:20:29.9890990Z,CEN_COL,CEN_COL,StrikeSwinging,Undefined,NoShift,86.0022,68.34409,149.85796,27.48171,86.18555,-52.15365,143.38343,-34.29704,239.56465,-121.50711,313.13954,-6.6558,260.43997,139.73785,,,,,,,,,,,,,,,true
dd2b062d-86f8-40ae-950a-2dd1202047da,41,ca6aa490-7917-11ef-a782-b30d481af723,0ad94f74-f12d-4bd8-9bbd-443aa3fee317,2024-09-22,15:20:54.94,2024-09-22,19:20:54.94,2024-09-22T15:20:54.9492014-04:00,2024-09-22T19:20:54.9492014Z,CEN_COL,CEN_COL,BallinDirt,Undefined,NoShift,87.99723,64.71182,142.17797,8.49586,80.85284,-59.23816,147.40499,-34.01009,247.2863,-148.00991,326.31388,-12.90533,260.49888,136.93239,,,,,,,,,,,,,,,true
dd2b062d-86f8-40ae-950a-2dd1202047da,42,d52894f0-7917-11ef-a782-b30d481af723,8f739a78-cea7-459d-8da2-68891f0031e9,2024-09-22,15:21:13.24,2024-09-22,19:21:13.24,2024-09-22T15:21:13.2477742-04:00,2024-09-22T19:21:13.2477742Z,CEN_COL,CEN_COL,FoulBallNotFieldable,Undefined,NoShift,88.2935,65.53723,149.98153,18.03285,81.06922,-59.91986,148.19603,-30.40234,245.10203,-146.16775,312.85714,-14.31522,248.89733,128.33264,,,,,,,,,,,,,,,true
dd2b062d-86f8-40ae-950a-2dd1202047da,43,e38fde40-7917-11ef-a782-b30d481af723,b231bbb8-b6b2-4a30-9898-55dc8133751c,2024-09-22,15:21:37.36,2024-09-22,19:21:37.36,2024-09-22T15:21:37.3630766-04:00,2024-09-22T19:21:37.3630766Z,CEN_COL,CEN_COL,BallinDirt,Undefined,NoShift,89.39004,65.70864,145.0506,18.66843,80.99339,-59.36807,149.19999,-34.04502,245.96273,-146.07606,316.68591,-1.38779,253.04849,131.65149,,,,,,,,,,,,,,,true
dd2b062d-86f8-40ae-950a-2dd1202047da,44,f35ea6d0-7917-11ef-a782-b30d481af723,09ce0154-9a6e-491e-87b0-9e98a2f42c07,2024-09-22,15:22:03.95,2024-09-22,19:22:03.95,2024-09-22T15:22:03.9557422-04:00,2024-09-22T19:22:03.9557422Z,CEN_COL,CEN_COL,BallCalled,Undefined,NoShift,87.95913,64.10707,154.132,20.40128,81.81337,-58.05684,146.93976,-33.17989,246.71962,-143.46412,307.39125,-1.5991,250.64365,127.9452,,,,,,,,,,,,,,,true
dd2b062d-86f8-40ae-950a-2dd1202047da,45,ff74d430-7917-11ef-a782-b30d481af723,b5b29fc9-4965-472f-b395-24bd02e44625,2024-09-22,15:22:24.21,2024-09-22,19:22:24.21,2024-09-22T15:22:24.2123566-04:00,2024-09-22T19:22:24.2123566Z,CEN_COL,CEN_COL,InPlay,Out,NoShift,87.76863,64.13598,154.52537,14.90001,81.80394,-58.31846,146.26921,-33.53971,242.04809,-142.32815,313.79732,-0.04255,252.2701,131.17309,,,,,,,,,,,,,,,true
dd2b062d-86f8-40ae-950a-2dd1202047da,46,3dbc6eb0-7918-11ef-a782-b30d481af723,ce4ff655-4c0f-49ec-91b7-6c5cd04f6e8f,2024-09-22,15:24:08.74,2024-09-22,19:24:08.74,2024-09-22T15:24:08.7433518-04:00,2024-09-22T19:24:08.7433518Z,CEN_COL,CEN_COL,InPlay,Out,NoShift,67.08643,54.31511,150.14573,35.24459,83.22209,-60.38559,148.63305,-43.90739,247.49732,-136.18359,302.72025,-14.61358,250.77899,128.10323,,,,,,,,,,,,,,,true
dd2b062d-86f8-40ae-950a-2dd1202047da,47,0e05f730-7919-11ef-a782-b30d481af723,20f83511-9b3b-4544-8bb0-e72ee6bd1ae4,2024-09-22,15:29:58.14,2024-09-22,19:29:58.14,2024-09-22T15:29:58.1465902-04:00,2024-09-22T19:29:58.1465902Z,CEN_COL,CEN_COL,BallCalled,Undefined,NoShift,98.87865,75.9111,151.10156,41.46788,79.7793,-59.82621,150.23493,-42.61135,281.19845,-150.09182,309.88174,-0.7597,252.94956,136.85029,,,,,,,,,,,,,,,true
dd2b062d-86f8-40ae-950a-2dd1202047da,48,19053650-7919-11ef-a782-b30d481af723,a2140895-3198-4ab3-9287-e30293f0821d,2024-09-22,15:30:16.60,2024-09-22,19:30:16.60,2024-09-22T15:30:16.6015278-04:00,2024-09-22T19:30:16.6015278Z,CEN_COL,CEN_COL,StrikeCalled,Undefined,NoShift,94.56798,72.73856,147.81745,40.9442,79.64857,-60.09495,151.94882,-42.59439,277.48241,-145.65168,314.85231,0.7319,254.98982,137.84048,,,,,,,,,,,,,,,true
dd2b062d-86f8-40ae-950a-2dd1202047da,49,23918f60-7919-11ef-a782-b30d481af723,548009ab-68a4-43ac-b599-596d60d9a52e,2024-09-22,15:30:34.28,2024-09-22,19:30:34.28,2024-09-22T15:30:34.2833966-04:00,2024-09-22T19:30:34.2833966Z,CEN_COL,CEN_COL,BallinDirt,Undefined,NoShift,95.35053,72.74135,147.93568,41.31416,78.74161,-59.78668,151.31173,-42.20142,279.79492,-145.17064,307.07493,1.17176,255.14639,136.20152,,,,,,,,,,,,,,,true
dd2b062d-86f8-40ae-950a-2dd1202047da,50,312e0ea0-7919-11ef-a782-b30d481af723,7ba356fd-690e-4710-8e8a-416628778a55,2024-09-22,15:30:57.14,2024-09-22,19:30:57.14,2024-09-22T15:30:57.1495214-04:00,2024-09-22T19:30:57.1495214Z,CEN_COL,CEN_COL,BallCalled,Undefined,NoShift,93.59949,70.63664,149.81458,42.20818,79.409,-60.18018,151.16908,-41.45138,276.65583,-147.94247,313.85179,2.18848,256.33453,135.12341,,,,,,,,,,,,,,,true
dd2b062d-86f8-40ae-950a-2dd1202047da,51,3ab3cd20-7919-11ef-a782-b30d481af723,8ec2e866-2723-4d8d-bfba-f954f8bd6df8,2024-09-22,15:31:13.15,2024-09-22,19:31:13.15,2024-09-22T15:31:13.1554094-04:00,2024-09-22T19:31:13.1554094Z,CEN_COL,CEN_COL,BallCalled,Undefined,NoShift,93.2913,71.20375,149.22162,43.60522,79.61119,-60.6013,152.61797,-44.52717,274.92217,-144.08626,314.92054,4.74037,250.38922,136.47068,,,,,,,,,,,,,,,true
dd2b062d-86f8-40ae-950a-2dd1202047da,52,4bda0f60-7919-11ef-a782-b30d481af723,04b18bef-0706-4ca9-9259-037399ce07ae,2024-09-22,15:31:41.90,2024-09-22,19:31:41.90,2024-09-22T15:31:41.9055406-04:00,2024-09-22T19:31:41.9055406Z,CEN_COL,CEN_COL,BallCalled,Undefined,NoShift,63.59255,58.16724,146.34834,24.12328,76.41229,-57.17801,142.53424,-32.54262,273.72399,-145.27642,308.65323,-0.53657,254.78418,138.09463,,,,,,,,,,,,,,,true
dd2b062d-86f8-40ae-950a-2dd1202047da,53,5d0fe200-7919-11ef-a782-b30d481af723,b465ae41-c8fb-44bb-aab3-a778cc4cca25,2024-09-22,15:32:10.73,2024-09-22,19:32:10.73,2024-09-22T15:32:10.7324718-04:00,2024-09-22T19:32:10.7324718Z,CEN_COL,CEN_COL,StrikeSwinging,Undefined,NoShift,88.73705,67.5779,143.99713,21.98757,77.16911,-58.52213,144.78312,-33.56966,272.56256,-147.09735,314.18163,1.88601,259.07149,139.71138,,,,,,,,,,,,,,,true
dd2b062d-86f8-40ae-950a-2dd1202047da,54,69930200-7919-11ef-a782-b30d481af723,a84652c1-b165-4a1f-86b6-007663bc5c42,2024-09-22,15:32:31.67,2024-09-22,19:32:31.67,2024-09-22T15:32:31.6799790-04:00,2024-09-22T19:32:31.6799790Z,CEN_COL,CEN_COL,BallinDirt,Undefined,NoShift,91.40543,69.65193,138.80903,13.82349,77.38865,-58.86094,142.15861,-34.1043,268.92138,-146.90106,309.46536,1.28588,265.70117,140.66313,,,,,,,,,,,,,,,true
dd2b062d-86f8-40ae-950a-2dd1202047da,55,7b464200-7919-11ef-a782-b30d481af723,5ae0634a-abb9-4856-a724-fc460d272d11,2024-09-22,15:33:01.48,2024-09-22,19:33:01.48,2024-09-22T15:33:01.4887214-04:00,2024-09-22T19:33:01.4887214Z,CEN_COL,CEN_COL,InPlay,Out,NoShift,72.86556,56.18323,105.04915,26.64722,67.04368,-49.77732,,,279.12911,-146.15781,307.96286,1.72787,249.87863,137.84504,,,,,,,,,,,,,,,true
dd2b062d-86f8-40ae-950a-2dd1202047da,56,8db557f0-7919-11ef-a782-b30d481af723,3c73652e-b37f-4c8e-9afc-726a036d3652,2024-09-22,15:33:32.45,2024-09-22,19:33:32.45,2024-09-22T15:33:32.4563246-04:00,2024-09-22T19:33:32.4563246Z,CEN_COL,CEN_COL,BallCalled,Undefined,NoShift,71.35594,54.807,106.92267,23.71034,69.5101,-51.08268,,,279.85843,-150.53384,311.30478,1.16617,252.19655,133.46593,"Austin, Chase",1000235133,"Porter, Jonah",10298876,"Woodall, Baylor",1000236836,"Weisberg, JT",1000221220,"Tibe, Harrison",1000160684,"Lohr, Ayden",10022392,"Migal, Cale",10147699,true
dd2b062d-86f8-40ae-950a-2dd1202047da,57,98736f60-7919-11ef-a782-b30d481af723,19085788-fd21-455d-9762-dd15ef1b83d8,2024-09-22,15:33:50.42,2024-09-22,19:33:50.42,2024-09-22T15:33:50.4274734-04:00,2024-09-22T19:33:50.4274734Z,CEN_COL,CEN_COL,StrikeSwinging,Undefined,NoShift,71.84864,55.34613,108.61681,22.87835,70.72201,-53.33794,117.19657,-28.90591,277.24819,-152.66558,304.20519,1.47661,254.59641,133.54675,,,,,,,,,,,,,,,true
dd2b062d-86f8-40ae-950a-2dd1202047da,58,af281e40-7919-11ef-a782-b30d481af723,663f2cdf-3d4e-4be0-8223-73588e4813cf,2024-09-22,15:34:28.37,2024-09-22,19:34:28.37,2024-09-22T15:34:28.3766574-04:00,2024-09-22T19:34:28.3766574Z,CEN_COL,CEN_COL,StrikeSwinging,Undefined,NoShift,77.66291,58.95213,105.85406,26.41781,69.80613,-52.43098,,,272.77031,-145.38307,313.43115,0.23302,250.2152,134.50035,,,,,,,,,,,,,,,true
dd2b062d-86f8-40ae-950a-2dd1202047da,59,ba6291a0-7919-11ef-a782-b30d481af723,2742f35b-5ee0-4758-a454-da6607304a05,2024-09-22,15:34:47.20,2024-09-22,19:34:47.20,2024-09-22T15:34:47.2067374-04:00,2024-09-22T19:34:47.2067374Z,CEN_COL,CEN_COL,InPlay,Single,NoShift,77.35536,59.84106,108.31509,26.51986,87.79614,-64.31234,,,273.97967,-150.98661,315.12839,0.77456,252.88364,135.40487,,,,,,,,,,,,,,,true
dd2b062d-86f8-40ae-950a-2dd1202047da,60,d29e2ea0-7919-11ef-a782-b30d481af723,ad314a8e-b5e6-4814-a924-de6aa32e92ac,2024-09-22,15:35:27.96,2024-09-22,19:35:27.96,2024-09-22T15:35:27.9630000-04:00,2024-09-22T19:35:27.9630000Z,CEN_COL,CEN_COL,BallCalled,Undefined,NoShift,62.44233,57.949,142.41129,23.95711,76.9736,-57.8592,141.92932,-32.81901,276.21834,-150.60964,307.51393,3.20897,248.98519,138.60163,,,,,,,,,,,,,,,true
dd2b062d-86f8-40ae-950a-2dd1202047da,61,eb8044d0-7919-11ef-a782-b30d481af723,3ebab291-b479-475e-afca-e89bc9e0150a,2024-09-22,15:36:09.80,2024-09-22,19:36:09.80,2024-09-22T15:36:09.8011438-04:00,2024-09-22T19:36:09.8011438Z,CEN_COL,CEN_COL,StrikeSwinging,Undefined,NoShift,62.28985,58.58522,139.49803,25.63544,76.49172,-58.38829,141.42609,-31.3913,266.30956,-147.97742,308.97046,4.01572,240.41518,137.68973,,,,,,,,,,,,,,,true
dd2b062d-86f8-40ae-950a-2dd1202047da,62,0b26af90-791a-11ef-a782-b30d481af723,7b89362f-0704-44a5-9bde-ea3f026d5b52,2024-09-22,15:37:02.87,2024-09-22,19:37:02.87,2024-09-22T15:37:02.8723502-04:00,2024-09-22T19:37:02.8723502Z,CEN_COL,CEN_COL,BallCalled,Undefined,NoShift,62.09496,59.00686,140.52633,25.23219,78.38692,-59.56942,141.77135,-32.01544,266.34848,-147.86495,319.25189,5.66287,251.49614,141.36341,,,,,,,,,,,,,,,true
dd2b062d-86f8-40ae-950a-2dd1202047da,63,15444140-791a-11ef-a782-b30d481af723,ac4b2233-af7d-48a9-bf79-69cf99603e36,2024-09-22,15:37:19.82,2024-09-22,19:37:19.82,2024-09-22T15:37:19.8280000-04:00,2024-09-22T19:37:19.8280000Z,CEN_COL,CEN_COL,BallCalled,Undefined,NoShift,61.94001,58.14927,138.97262,26.09806,78.92252,-60.35231,140.74143,-31.53938,275.63501,-144.82024,312.61328,4.80721,250.45881,138.27876,,,,,,,,,,,,,,,true
dd2b062d-86f8-40ae-950a-2dd1202047da,64,27e25670-791a-11ef-a782-b30d481af723,5d91900e-2d9a-416d-b454-b454085e2e1d,2024-09-22,15:37:51.07,2024-09-22,19:37:51.07,2024-09-22T15:37:51.0720000-04:00,2024-09-22T19:37:51.0720000Z,CEN_COL,CEN_COL,StrikeCalled,Undefined,NoShift,62.36818,58.81016,142.4392,22.89842,76.06463,-58.80173,139.7727,-31.13321,271.85941,-146.81692,309.26953,4.02274,245.74238,135.91965,,,,,,,,,,,,,,,true
dd2b062d-86f8-40ae-950a-2dd1202047da,65,3ed546d0-791a-11ef-a782-b30d481af723,a16e6066-ccf8-4136-8cf3-83409091aee1,2024-09-22,15:38:29.51,2024-09-22,19:38:29.51,2024-09-22T15:38:29.5125806-04:00,2024-09-22T19:38:29.5125806Z,CEN_COL,CEN_COL,BallCalled,Undefined,NoShift,86.32109,65.50734,142.30324,20.48568,76.39215,-59.3311,144.55037,-34.95221,273.66192,-141.91258,308.35713,2.01342,246.53001,130.81508,,,,,,,,,,,,,,,true
dd2b062d-86f8-40ae-950a-2dd1202047da,66,507e9bc0-791a-11ef-a782-b30d481af723,1ad5f9e2-0b0b-4aa8-b4ab-bf5c67a96872,2024-09-22,15:38:59.24,2024-09-22,19:38:59.24,2024-09-22T15:38:59.2420654-04:00,2024-09-22T19:38:59.2420654Z,CEN_COL,CEN_COL,BallCalled,Undefined,NoShift,75.72634,52.54001,138.52689,13.9356,78.43144,-59.72327,141.04399,-30.9614,268.40702,-140.80499,313.19954,2.91994,247.62013,133.94812,,,,,,,,,,,,,,,true
dd2b062d-86f8-40ae-950a-2dd1202047da,67,60190de0-791a-11ef-a782-b30d481af723,ab4eab32-3440-488f-9ac2-0e0885229c78,2024-09-22,15:39:25.30,2024-09-22,19:39:25.30,2024-09-22T15:39:25.3073198-04:00,2024-09-22T19:39:25.3073198Z,CEN_COL,CEN_COL,StrikeCalled,Undefined,NoShift,76.32201,51.81826,139.45126,18.76135,78.7039,-60.51058,138.76959,-25.21659,279.73573,-146.47985,313.10624,5.18142,248.67392,136.60843,,,,,,,,,,,,,,,true
dd2b062d-86f8-40ae-950a-2dd1202047da,68,6b8120f0-791a-11ef-a782-b30d481af723,d8f04b18-2ff0-4b1f-9bd6-f315ec5a2386,2024-09-22,15:39:44.52,2024-09-22,19:39:44.52,2024-09-22T15:39:44.5257006-04:00,2024-09-22T19:39:44.5257006Z,CEN_COL,CEN_COL,FoulBallNotFieldable,Undefined,NoShift,76.25929,51.77665,144.29068,23.81879,77.10143,-58.89751,136.65586,-25.34975,273.94676,-145.88774,312.98838,5.88986,251.56835,136.53685,,,,,,,,,,,,,,,true
dd2b062d-86f8-40ae-950a-2dd1202047da,69,79daaea0-791a-11ef-a782-b30d481af723,4f95706e-68f3-4888-9b6e-30d4b41e1a6f,2024-09-22,15:40:08.46,2024-09-22,19:40:08.46,2024-09-22T15:40:08.4683566-04:00,2024-09-22T19:40:08.4683566Z,CEN_COL,CEN_COL,BallinDirt,Undefined,NoShift,76.2001,51.48974,143.36585,20.56233,77.54903,-59.02022,139.38273,-28.69276,272.76235,-146.81547,313.62009,6.78879,250.57486,134.65122,,,,,,,,,,,,,,,true
dd2b062d-86f8-40ae-950a-2dd1202047da,70,8a4fc950-791a-11ef-a782-b30d481af723,31c2689e-19b7-463c-ac41-d10e1820110e,2024-09-22,15:40:36.23,2024-09-22,19:40:36.23,2024-09-22T15:40:36.2301230-04:00,2024-09-22T19:40:36.2301230Z,CEN_COL,CEN_COL,HitByPitch,Undefined,NoShift,73.54312,57.26645,141.95855,17.6171,79.21875,-60.20805,142.64305,-31.30546,274.08668,-145.08281,319.08583,7.08589,250.56692,135.79983,"Austin, Chase",1000235133,"Porter, Jonah",10298876,"Woodall, Baylor",1000236836,"Weisberg, JT",1000221220,"Tibe, Harrison",1000160684,"Lohr, Ayden",10022392,"Migal, Cale",10147699,true
dd2b062d-86f8-40ae-950a-2dd1202047da,71,21169260-791b-11ef-a782-b30d481af723,a20d55d0-7bdf-43cd-b36d-8959164490aa,2024-09-22,15:44:48.98,2024-09-22,19:44:48.98,2024-09-22T15:44:48.9891874-04:00,2024-09-22T19:44:48.9891874Z,CEN_COL,CEN_COL,InPlay,Out,NoShift,92.72385,80.97825,150.85907,49.50441,87.24651,-52.92924,143.03084,-35.4075,234.94217,-118.49689,330.61749,7.71099,248.03597,130.95294,,,,,,,,,,,,,,,true
dd2b062d-86f8-40ae-950a-2dd1202047da,72,2b38b7f0-791b-11ef-a782-b30d481af723,6d3df658-a59e-40df-8aea-6729980fb329,2024-09-22,15:45:06.09,2024-09-22,19:45:06.09,2024-09-22T15:45:06.0908066-04:00,2024-09-22T19:45:06.0908066Z,CEN_COL,CEN_COL,InPlay,Out,NoShift,94.05332,82.47703,149.83345,51.40056,96.04364,-59.71691,141.66614,-35.10802,278.694,-183.80064,330.11486,-10.10116,251.11022,130.08314,,,,,,,,,,,,,,,true
dd2b062d-86f8-40ae-950a-2dd1202047da,73,c324ee30-791b-11ef-a782-b30d481af723,d94b7451-c9fd-4797-99db-e8f7913f9cd6,2024-09-22,15:49:21.06,2024-09-22,19:49:21.06,2024-09-22T15:49:21.0668578-04:00,2024-09-22T19:49:21.0668578Z,CEN_COL,CEN_COL,InPlay,Out,NoShift,91.75835,72.72239,152.95343,26.73758,82.57571,-59.68638,144.82814,-34.55273,256.30555,-132.28345,321.93379,-4.65146,240.78067,129.87132,,,,,,,,,,,,,,,true
dd2b062d-86f8-40ae-950a-2dd1202047da,74,e224dfc0-791b-11ef-a782-b30d481af723,60d52dfb-cbbc-4725-8837-10159050c2a4,2024-09-22,15:50:13.00,2024-09-22,19:50:13.00,2024-09-22T15:50:13.0019362-04:00,2024-09-22T19:50:13.0019362Z,CEN_COL,CEN_COL,InPlay,HomeRun,NoShift,90.47886,71.19855,151.11667,15.335,84.64191,-60.55999,145.45367,-35.76568,254.29502,-131.92731,312.81481,-3.66455,241.63897,128.58075,"Carter, Ethan",1000280109,"Lopez, Aaron",1000190334,"Rygalski, Evan",10320163,"Hansen, Alex",10046576,"Maggard, Matthew",1000190343,"Craig, Jamison",10050059,"Mire, Carson",10005593,true
dd2b062d-86f8-40ae-950a-2dd1202047da,75,0b203500-791c-11ef-a782-b30d481af723,f38de20e-7bee-48a7-a696-7462b7ba4285,2024-09-22,15:51:21.80,2024-09-22,19:51:21.80,2024-09-22T15:51:21.8083874-04:00,2024-09-22T19:51:21.8083874Z,CEN_COL,CEN_COL,BallCalled,Undefined,NoShift,93.92986,72.79164,151.04174,44.26161,86.72482,-64.81888,143.90312,-40.20608,266.02519,-144.58356,326.77191,-13.29738,247.84303,127.30599,,,,,,,,,,,,,,,true
dd2b062d-86f8-40ae-950a-2dd1202047da,76,16ecfd50-791c-11ef-a782-b30d481af723,96d26157-ac48-4b16-809b-bb0c31a3666d,2024-09-22,15:51:41.62,2024-09-22,19:51:41.62,2024-09-22T15:51:41.6226850-04:00,2024-09-22T19:51:41.6226850Z,CEN_COL,CEN_COL,BallCalled,Undefined,NoShift,92.4302,73.08471,151.33324,43.58548,87.79123,-65.30813,146.94325,-40.1477,260.80867,-139.16154,324.27633,-13.52125,245.1008,125.47422,,,,,,,,,,,,,,,true
dd2b062d-86f8-40ae-950a-2dd1202047da,77,23922440-791c-11ef-a782-b30d481af723,159399b9-9111-4504-92f4-e8a27673e544,2024-09-22,15:52:02.80,2024-09-22,19:52:02.80,2024-09-22T15:52:02.8091426-04:00,2024-09-22T19:52:02.8091426Z,CEN_COL,CEN_COL,FoulBallNotFieldable,Undefined,NoShift,89.78639,70.71596,147.68211,43.10475,88.02399,-66.89681,147.65404,-39.48948,258.06363,-145.77497,326.15545,-5.13356,249.2808,127.09222,,,,,,,,,,,,,,,true
dd2b062d-86f8-40ae-950a-2dd1202047da,78,315da2c0-791c-11ef-a782-b30d481af723,319d868c-75fb-4f8f-8a81-24e389657544,2024-09-22,15:52:25.91,2024-09-22,19:52:25.91,2024-09-22T15:52:25.9123746-04:00,2024-09-22T19:52:25.9123746Z,CEN_COL,CEN_COL,BallCalled,Undefined,NoShift,90.29563,73.0942,150.16824,46.5995,87.02796,-65.54548,147.24681,-39.02116,259.10695,-144.53668,333.86828,-20.37861,248.87088,127.23998,,,,,,,,,,,,,,,true
dd2b062d-86f8-40ae-950a-2dd1202047da,79,393a6c30-791c-11ef-a782-b30d481af723,,,,,,,,CEN_COL,CEN_COL,BallCalled,Undefined,,,,,,,,,,,,,,,,,,,,,,,,,,,,,,false
dd2b062d-86f8-40ae-950a-2dd1202047da,80,441a6380-791c-11ef-a782-b30d481af723,cfab5f8a-2a87-4af1-92b9-e46b0b8c4b14,2024-09-22,15:52:57.33,2024-09-22,19:52:57.33,2024-09-22T15:52:57.3317154-04:00,2024-09-22T19:52:57.3317154Z,CEN_COL,CEN_COL,BallCalled,Undefined,NoShift,64.11441,59.76133,148.45375,22.3978,81.53397,-57.67014,149.16826,-29.43459,264.85868,-146.14813,331.21161,-10.79547,245.18862,136.5068,,,,,,,,,,,,,,,true
dd2b062d-86f8-40ae-950a-2dd1202047da,81,5cf1a440-791c-11ef-a782-b30d481af723,6d43e06a-372f-44b8-ac6d-d6c6b27b7181,2024-09-22,15:53:38.97,2024-09-22,19:53:38.97,2024-09-22T15:53:38.9750000-04:00,2024-09-22T19:53:38.9750000Z,CEN_COL,CEN_COL,BallCalled,Undefined,NoShift,64.69769,59.84316,150.13707,19.94126,82.1711,-58.84912,149.92181,-29.60424,262.15506,-140.00443,330.84299,-13.13377,241.40301,134.79955,,,,,,,,,,,,,,,true
dd2b062d-86f8-40ae-950a-2dd1202047da,82,6f7b6e20-791c-11ef-a782-b30d481af723,66708baa-a5ce-42e8-a0ce-4add2dbe620b,2024-09-22,15:54:10.22,2024-09-22,19:54:10.22,2024-09-22T15:54:10.2200866-04:00,2024-09-22T19:54:10.2200866Z,CEN_COL,CEN_COL,InPlay,Double,NoShift,91.03858,72.59082,152.28328,38.87536,97.57034,-77.54835,149.45243,-50.34444,267.71868,-141.0991,334.81086,-19.1885,244.62083,130.77548,,,,,,,,,,,,,,,true
dd2b062d-86f8-40ae-950a-2dd1202047da,83,9f98a140-791c-11ef-a782-b30d481af723,e6ab9399-4bfb-4bb3-9161-6374bed48305,2024-09-22,15:55:30.89,2024-09-22,19:55:30.89,2024-09-22T15:55:30.8967970-04:00,2024-09-22T19:55:30.8967970Z,CEN_COL,CEN_COL,BallCalled,Undefined,RightInfieldShift,55.86137,53.25515,186.35824,96.26443,99.77724,-63.38503,151.11706,7.47778,207.00512,-107.47576,,,,,,,,,,,,,,,,,,,true
dd2b062d-86f8-40ae-950a-2dd1202047da,84,e0727f60-791c-11ef-a782-b30d481af723,17c6db6d-c41f-4c2b-afd0-b8a40cd565d1,2024-09-22,15:57:19.72,2024-09-22,19:57:19.72,2024-09-22T15:57:19.7284386-04:00,2024-09-22T19:57:19.7284386Z,CEN_COL,CEN_COL,BallCalled,Undefined,NoShift,94.51391,72.01752,153.38318,43.07032,87.05176,-61.42688,147.10547,-34.81074,265.57854,-140.86194,305.93084,-2.98843,249.3285,133.795,,,,,,,,,,,,,,,true
dd2b062d-86f8-40ae-950a-2dd1202047da,85,ea3e4790-791c-11ef-a782-b30d481af723,bbde8aef-b561-43f9-9936-04e1ecaedc6c,2024-09-22,15:57:36.07,2024-09-22,19:57:36.07,2024-09-22T15:57:36.0793122-04:00,2024-09-22T19:57:36.0793122Z,CEN_COL,CEN_COL,BallCalled,Undefined,NoShift,92.73742,71.92598,152.75841,44.44021,91.21703,-65.76754,145.47069,-35.16363,273.74098,-142.08523,308.75272,1.3129,251.07591,134.56844,,,,,,,,,,,,,,,true
dd2b062d-86f8-40ae-950a-2dd1202047da,86,f504ea80-791c-11ef-a782-b30d481af723,3d8bb4e6-31c8-42ac-9232-dfe411f34397,2024-09-22,15:57:54.20,2024-09-22,19:57:54.20,2024-09-22T15:57:54.2095394-04:00,2024-09-22T19:57:54.2095394Z,CEN_COL,CEN_COL,BallCalled,Undefined,NoShift,94.06311,72.5088,152.72456,45.13339,92.95963,-65.58902,148.41624,-34.23682,274.50635,-143.60706,312.2889,2.18953,251.05611,134.48199,,,,,,,,,,,,,,,true
dd2b062d-86f8-40ae-950a-2dd1202047da,87,fc301730-791c-11ef-a782-b30d481af723,2c2b39cf-023a-4eaf-93c4-f545b7071fb9,2024-09-22,15:58:06.35,2024-09-22,19:58:06.35,2024-09-22T15:58:06.3537698-04:00,2024-09-22T19:58:06.3537698Z,CEN_COL,CEN_COL,BallCalled,Undefined,NoShift,95.5598,73.09496,151.63559,44.40328,92.68078,-65.24274,146.81803,-35.95511,277.68364,-149.19887,309.18359,3.16773,252.55412,135.19997,,,,,,,,,,,,,,,true
dd2b062d-86f8-40ae-950a-2dd1202047da,88,144ba910-791d-11ef-a782-b30d481af723,2c62b6f8-e2ba-4e6f-8cb5-ee56f27b1ac1,2024-09-22,15:58:46.68,2024-09-22,19:58:46.68,2024-09-22T15:58:46.6851874-04:00,2024-09-22T19:58:46.6851874Z,CEN_COL,CEN_COL,BallCalled,Undefined,NoShift,63.38933,59.08459,139.28276,42.26482,82.76229,-50.22739,151.94019,-22.78544,251.76864,-139.96559,308.57591,-0.67155,247.2164,138.01207,,,,,,,,,,,,,,,true
dd2b062d-86f8-40ae-950a-2dd1202047da,89,1d25e550-791d-11ef-a782-b30d481af723,e0f27ecc-ab5b-4168-a560-53384bf80c9b,2024-09-22,15:59:01.52,2024-09-22,19:59:01.52,2024-09-22T15:59:01.5202850-04:00,2024-09-22T19:59:01.5202850Z,CEN_COL,CEN_COL,StrikeSwinging,Undefined,NoShift,62.98281,58.22854,136.93175,46.41855,80.78704,-50.28471,151.50181,-16.44892,245.20475,-131.19709,300.81822,-0.14015,251.20086,139.87614,,,,,,,,,,,,,,,true
dd2b062d-86f8-40ae-950a-2dd1202047da,90,28243a10-791d-11ef-a782-b30d481af723,c5834efe-6179-4c83-ba02-c1ae0a05de49,2024-09-22,15:59:20.03,2024-09-22,19:59:20.03,2024-09-22T15:59:20.0326690-04:00,2024-09-22T19:59:20.0326690Z,CEN_COL,CEN_COL,BallCalled,Undefined,NoShift,62.95662,57.98059,137.52823,47.35475,85.21086,-50.5933,152.02245,-18.2576,244.83585,-137.2096,300.76999,0.11166,255.96845,139.96718,,,,,,,,,,,,,,,true
dd2b062d-86f8-40ae-950a-2dd1202047da,91,32df9260-791d-11ef-a782-b30d481af723,46d4af66-fd82-4c36-afda-4f4cffdb96c6,2024-09-22,15:59:37.91,2024-09-22,19:59:37.91,2024-09-22T15:59:37.9196962-04:00,2024-09-22T19:59:37.9196962Z,CEN_COL,CEN_COL,BallCalled,Undefined,NoShift,62.97951,58.26001,135.67631,48.84747,83.6268,-50.85776,151.61019,-17.25107,253.79305,-138.78757,308.19607,-1.09773,246.28001,139.78018,,,,,,,,,,,,,,,true
dd2b062d-86f8-40ae-950a-2dd1202047da,92,634455d0-791d-11ef-a782-b30d481af723,66de24bd-8a5e-4f46-b125-2a1ae680b198,2024-09-22,16:00:59.23,2024-09-22,20:00:59.23,2024-09-22T16:00:59.2378914-04:00,2024-09-22T20:00:59.2378914Z,CEN_COL,CEN_COL,FoulBallNotFieldable,Undefined,NoShift,63.16535,58.1167,135.92302,47.722,85.60208,-53.12991,153.81079,-17.02277,248.56295,-139.63732,321.39823,-1.16731,258.74585,138.04852,,,,,,,,,,,,,,,true
dd2b062d-86f8-40ae-950a-2dd1202047da,93,71802250-791d-11ef-a782-b30d481af723,b2bc48a0-9018-4eb3-9403-4e395227bc07,2024-09-22,16:01:22.98,2024-09-22,20:01:22.98,2024-09-22T16:01:22.9868066-04:00,2024-09-22T20:01:22.9868066Z,CEN_COL,CEN_COL,BallCalled,Undefined,NoShift,62.65824,57.97988,137.39117,50.86034,93.36032,-57.07584,149.8256,-20.92928,248.97308,-136.26957,313.37592,-1.37543,257.62942,140.35336,,,,,,,,,,,,,,,true
dd2b062d-86f8-40ae-950a-2dd1202047da,94,899e4c40-791d-11ef-a782-b30d481af723,43c3cb78-01e6-41a4-abf6-6de35c4cd3d9,2024-09-22,16:02:03.57,2024-09-22,20:02:03.57,2024-09-22T16:02:03.5713570-04:00,2024-09-22T20:02:03.5713570Z,CEN_COL,CEN_COL,BallCalled,Undefined,NoShift,72.70951,57.26169,139.90858,17.89581,76.45367,-55.30719,144.62349,-30.63481,247.94102,-135.57448,303.25007,1.15712,349.14095,149.53687,,,,,,,,,,,,,,,true
dd2b062d-86f8-40ae-950a-2dd1202047da,95,98e80650-791d-11ef-a782-b30d481af723,079659ea-9eb4-4522-a0ab-9f2d99a09a99,2024-09-22,16:02:29.19,2024-09-22,20:02:29.19,2024-09-22T16:02:29.1960000-04:00,2024-09-22T20:02:29.1960000Z,CEN_COL,CEN_COL,StrikeCalled,Undefined,NoShift,73.00437,58.23943,140.91071,16.44594,77.85419,-56.32327,146.20512,-31.2896,267.63887,-143.24054,308.5112,1.87259,242.02539,135.91153,,,,,,,,,,,,,,,true
dd2b062d-86f8-40ae-950a-2dd1202047da,96,a550e790-791d-11ef-a782-b30d481af723,b6a26bf7-7937-40c3-9860-c53254e75de3,2024-09-22,16:02:49.93,2024-09-22,20:02:49.93,2024-09-22T16:02:49.9396642-04:00,2024-09-22T20:02:49.9396642Z,CEN_COL,CEN_COL,FoulBallNotFieldable,Undefined,NoShift,75.75542,52.54971,141.46022,20.10127,77.56193,-57.39647,145.50423,-31.24806,263.48405,-143.19486,311.61316,2.62721,246.07316,136.10912,,,,,,,,,,,,,,,true
dd2b062d-86f8-40ae-950a-2dd1202047da,97,b30c1260-791d-11ef-a782-b30d481af723,75e5e568-59fb-42b8-b05a-e1083c20dcdb,2024-09-22,16:03:12.96,2024-09-22,20:03:12.96,2024-09-22T16:03:12.9647650-04:00,2024-09-22T20:03:12.9647650Z,CEN_COL,CEN_COL,InPlay,Out,NoShift,75.69489,53.0097,140.71141,24.32474,81.77235,-59.89465,146.94527,-32.07041,258.36252,-141.85939,300.09562,3.64837,245.9581,137.01068,,,,,,,,,,,,,,,true
dd2b062d-86f8-40ae-950a-2dd1202047da,98,c9056080-791d-11ef-a782-b30d481af723,ef11e741-f00e-47a7-90b3-f20cd06dafa7,2024-09-22,16:03:49.78,2024-09-22,20:03:49.78,2024-09-22T16:03:49.7849378-04:00,2024-09-22T20:03:49.7849378Z,CEN_COL,CEN_COL,StrikeCalled,Undefined,NoShift,98.06366,73.46381,152.66143,44.05427,93.12311,-72.26539,142.34787,-39.9511,270.98173,-152.95506,309.96404,2.06215,252.20395,139.87609,,,,,,,,,,,,,,,true
dd2b062d-86f8-40ae-950a-2dd1202047da,99,d2fdb6f0-791d-11ef-a782-b30d481af723,b5bc64f3-ad84-457c-9ed4-ea0fc62d74c1,2024-09-22,16:04:06.65,2024-09-22,20:04:06.65,2024-09-22T16:04:06.6522146-04:00,2024-09-22T20:04:06.6522146Z,CEN_COL,CEN_COL,FoulBallNotFieldable,Undefined,NoShift,94.75832,77.33098,151.69268,49.57236,91.96695,-71.33701,144.28197,-37.72881,275.08593,-148.61865,312.73073,1.87234,247.02037,133.60146,,,,,,,,,,,,,,,true
dd2b062d-86f8-40ae-950a-2dd1202047da,100,e32574f0-791d-11ef-a782-b30d481af723,36a64b2b-a06d-4efb-b1dc-a6648c8b3cba,2024-09-22,16:04:33.63,2024-09-22,20:04:33.63,2024-09-22T16:04:33.6311842-04:00,2024-09-22T20:04:33.6311842Z,CEN_COL,CEN_COL,FoulBallNotFieldable,Undefined,NoShift,96.36953,81.56496,150.11868,51.13858,93.01414,-70.29549,143.64499,-35.97596,277.23635,-144.08829,307.86279,4.50796,245.23918,137.36181,,,,,,,,,,,,,,,true
dd2b062d-86f8-40ae-950a-2dd1202047da,101,f69d4850-791d-11ef-a782-b30d481af723,eb255059-536d-4996-9138-c9ff23dce951,2024-09-22,16:05:06.33,2024-09-22,20:05:06.33,2024-09-22T16:05:06.3332898-04:00,2024-09-22T20:05:06.3332898Z,CEN_COL,CEN_COL,FoulBallNotFieldable,Undefined,NoShift,95.93664,76.30192,152.84923,54.04095,94.33734,-69.3948,143.30141,-36.35137,280.25376,-149.46849,308.87074,5.99765,249.44845,136.31922,,,,,,,,,,,,,,,true
dd2b062d-86f8-40ae-950a-2dd1202047da,102,0300f970-791e-11ef-a782-b30d481af723,44f75018-ae62-4342-b407-59d10d5261f6,2024-09-22,16:05:27.12,2024-09-22,20:05:27.12,2024-09-22T16:05:27.1252514-04:00,2024-09-22T20:05:27.1252514Z,CEN_COL,CEN_COL,InPlay,Single,NoShift,96.06064,81.71961,149.59671,54.57646,96.1967,-70.00198,144.93557,-35.11586,275.02245,-152.85523,310.79593,8.42801,244.09185,137.84529,,,,,,,,,,,,,,,true
dd2b062d-86f8-40ae-950a-2dd1202047da,103,69e85bb0-791e-11ef-a782-b30d481af723,f7718784-2823-4005-9cb2-135707b8377d,2024-09-22,16:08:19.78,2024-09-22,20:08:19.78,2024-09-22T16:08:19.7898786-04:00,2024-09-22T20:08:19.7898786Z,CEN_COL,CEN_COL,StrikeCalled,Undefined,NoShift,103.66952,69.09027,151.4438,42.75449,92.84676,-71.25481,148.40801,-40.7846,271.00652,-144.45142,428.94702,-13.13269,267.86056,133.25629,,,,,,,,,,,,,,,true
dd2b062d-86f8-40ae-950a-2dd1202047da,104,7416dd50-791e-11ef-a782-b30d481af723,8e2b01c3-6086-481d-9c46-5b351f5d24fe,2024-09-22,16:08:36.89,2024-09-22,20:08:36.89,2024-09-22T16:08:36.8944674-04:00,2024-09-22T20:08:36.8944674Z,CEN_COL,CEN_COL,FoulBallNotFieldable,Undefined,NoShift,104.84214,69.90562,150.49317,42.0858,95.42654,-74.50155,149.8908,-40.97323,272.47249,-143.37487,330.77107,-12.23637,266.22465,133.28634,,,,,,,,,,,,,,,true
dd2b062d-86f8-40ae-950a-2dd1202047da,105,8223aa90-791e-11ef-a782-b30d481af723,e145cf93-9c30-4e9e-98e2-bd7e0a4529df,2024-09-22,16:09:00.50,2024-09-22,20:09:00.50,2024-09-22T16:09:00.5092898-04:00,2024-09-22T20:09:00.5092898Z,CEN_COL,CEN_COL,BallCalled,Undefined,NoShift,103.25695,68.59774,150.76765,41.94699,94.14734,-73.7019,146.4646,-44.98807,259.47608,-150.42766,313.64951,-14.86466,272.78884,137.30094,,,,,,,,,,,,,,,true
dd2b062d-86f8-40ae-950a-2dd1202047da,106,8fdfbfc0-791e-11ef-a782-b30d481af723,29a70615-b17b-459b-97d6-a654f10a4dc1,2024-09-22,16:09:23.42,2024-09-22,20:09:23.42,2024-09-22T16:09:23.4268706-04:00,2024-09-22T20:09:23.4268706Z,CEN_COL,CEN_COL,BallCalled,Undefined,NoShift,103.24873,68.15894,153.35401,38.39444,95.22817,-74.97857,149.74827,-42.97565,261.22395,-149.07247,322.97255,-13.10799,272.96784,136.57468,,,,,,,,,,,,,,,true
dd2b062d-86f8-40ae-950a-2dd1202047da,107,9b5874a0-791e-11ef-a782-b30d481af723,3cda6562-9291-4c0c-b000-f04b1ec195a7,2024-09-22,16:09:42.68,2024-09-22,20:09:42.68,2024-09-22T16:09:42.6874914-04:00,2024-09-22T20:09:42.6874914Z,CEN_COL,CEN_COL,BallCalled,Undefined,NoShift,102.98246,68.16136,154.22271,38.5177,96.6802,-75.84607,149.29003,-42.96371,261.39199,-146.72603,329.4886,-16.83823,274.01632,138.65449,,,,,,,,,,,,,,,true
dd2b062d-86f8-40ae-950a-2dd1202047da,108,a8887670-791e-11ef-a782-b30d481af723,7739fc15-0519-470b-a33d-53d826fc412a,2024-09-22,16:10:04.84,2024-09-22,20:10:04.84,2024-09-22T16:10:04.8499746-04:00,2024-09-22T20:10:04.8499746Z,CEN_COL,CEN_COL,BallCalled,Undefined,NoShift,103.02472,68.41731,153.72312,34.46432,97.15868,-77.46855,150.33412,-43.55613,257.69434,-149.48523,324.42962,-15.08636,274.24334,137.9605,,,,,,,,,,,,,,,true
dd2b062d-86f8-40ae-950a-2dd1202047da,109,b77ce490-791e-11ef-a782-b30d481af723,63f313d3-9dc7-4ba9-9e54-de567b4db425,2024-09-22,16:10:29.87,2024-09-22,20:10:29.87,2024-09-22T16:10:29.8784290-04:00,2024-09-22T20:10:29.8784290Z,CEN_COL,CEN_COL,BallCalled,Undefined,NoShift,67.34204,54.53668,150.94046,21.21764,79.7544,-56.07207,149.30683,-29.74907,272.73041,-151.07072,330.90482,-12.42534,275.71807,140.5615,,,,,,,,,,,,,,,true
dd2b062d-86f8-40ae-950a-2dd1202047da,110,c789eea0-791e-11ef-a782-b30d481af723,b4b11753-f9dd-4950-a44c-e64bdbd80364,2024-09-22,16:10:56.85,2024-09-22,20:10:56.85,2024-09-22T16:10:56.8525858-04:00,2024-09-22T20:10:56.8525858Z,CEN_COL,CEN_COL,BallCalled,Undefined,NoShift,67.39798,54.14454,149.86243,21.08842,79.94016,-56.80734,149.33356,-30.86665,277.1079,-152.96859,332.56427,-11.81639,272.52471,138.66797,,,,,,,,,,,,,,,true
dd2b062d-86f8-40ae-950a-2dd1202047da,111,d2289730-791e-11ef-a782-b30d481af723,6f1d5b2f-5286-47f8-8dfc-c9984b222fc5,2024-09-22,16:11:14.60,2024-09-22,20:11:14.60,2024-09-22T16:11:14.6024482-04:00,2024-09-22T20:11:14.6024482Z,CEN_COL,CEN_COL,BallCalled,Undefined,NoShift,67.47103,54.8187,149.56994,20.44146,81.84072,-58.33978,149.38301,-30.72475,269.43282,-149.42627,341.27596,-15.16916,272.2504,138.73072,,,,,,,,,,,,,,,true
dd2b062d-86f8-40ae-950a-2dd1202047da,112,ddef6c10-791e-11ef-a782-b30d481af723,68e15180-ee0b-4f8f-9b9c-0e3fde3e97ed,2024-09-22,16:11:34.47,2024-09-22,20:11:34.47,2024-09-22T16:11:34.4743970-04:00,2024-09-22T20:11:34.4743970Z,CEN_COL,CEN_COL,BallCalled,Undefined,NoShift,67.19108,54.09409,148.75635,19.86028,79.8267,-57.36948,150.39985,-30.01913,273.27846,-149.82671,329.07437,-14.72364,260.23142,133.66178,,,,,,,,,,,,,,,true
dd2b062d-86f8-40ae-950a-2dd1202047da,113,f9186500-791e-11ef-a782-b30d481af723,775e7d7c-7b77-4bfe-b9b4-76be9379539a,2024-09-22,16:12:20.03,2024-09-22,20:12:20.03,2024-09-22T16:12:20.0390178-04:00,2024-09-22T20:12:20.0390178Z,CEN_COL,CEN_COL,BallCalled,Undefined,NoShift,84.84698,65.1251,153.48312,14.43624,82.55907,-60.01944,148.92885,-33.34388,271.74399,-148.10024,343.25625,-10.0614,265.44774,139.20081,,,,,,,,,,,,,,,true
dd2b062d-86f8-40ae-950a-2dd1202047da,114,03fa7f30-791f-11ef-a782-b30d481af723,6951d49a-a77f-41e4-b716-50322dc5bc96,2024-09-22,16:12:38.32,2024-09-22,20:12:38.32,2024-09-22T16:12:38.3265826-04:00,2024-09-22T20:12:38.3265826Z,CEN_COL,CEN_COL,BallCalled,Undefined,NoShift,83.8883,64.2272,153.19519,14.66404,81.43367,-60.54205,149.28118,-36.7493,270.68514,-148.24078,338.00062,-7.93693,263.5028,136.93004,,,,,,,,,,,,,,,true
dd2b062d-86f8-40ae-950a-2dd1202047da,115,10945b80-791f-11ef-a782-b30d481af723,e1267159-f5bb-4868-94ec-011d31ce83a2,2024-09-22,16:12:59.53,2024-09-22,20:12:59.53,2024-09-22T16:12:59.5343906-04:00,2024-09-22T20:12:59.5343906Z,CEN_COL,CEN_COL,BallCalled,Undefined,NoShift,84.06914,64.13053,154.4681,15.51755,82.34851,-60.25689,147.16039,-35.14729,268.4527,-145.26461,333.61373,-11.49959,266.1443,138.16344,,,,,,,,,,,,,,,true
dd2b062d-86f8-40ae-950a-2dd1202047da,116,205679e0-791f-11ef-a782-b30d481af723,393391b7-48d7-46e7-94aa-9026d64997c7,2024-09-22,16:13:25.86,2024-09-22,20:13:25.86,2024-09-22T16:13:25.8667042-04:00,2024-09-22T20:13:25.8667042Z,CEN_COL,CEN_COL,FoulBallNotFieldable,Undefined,NoShift,83.25463,48.82062,139.2602,28.35749,81.29766,-59.14713,122.85537,-32.26251,261.38563,-142.08564,333.64615,-13.2661,258.24009,135.14559,,,,,,,,,,,,,,,true
dd2b062d-86f8-40ae-950a-2dd1202047da,117,2bf04b50-791f-11ef-a782-b30d481af723,adc8b14f-b973-4d33-bb20-a37fd818f122,2024-09-22,16:13:45.24,2024-09-22,20:13:45.24,2024-09-22T16:13:45.2416034-04:00,2024-09-22T20:13:45.2416034Z,CEN_COL,CEN_COL,StrikeCalled,Undefined,NoShift,79.13022,52.35331,130.98779,24.00884,80.25621,-58.37878,116.28414,-27.16681,250.43787,-135.44725,332.86437,-10.55613,254.29178,134.25305,,,,,,,,,,,,,,,true
dd2b062d-86f8-40ae-950a-2dd1202047da,118,35274d90-791f-11ef-a782-b30d481af723,d96414fd-3edb-43e4-a02b-f5d780e17433,2024-09-22,16:14:00.61,2024-09-22,20:14:00.61,2024-09-22T16:14:00.6146594-04:00,2024-09-22T20:14:00.6146594Z,CEN_COL,CEN_COL,BallCalled,Undefined,NoShift,80.69587,54.25399,125.31602,20.7355,81.5723,-59.43319,117.65731,-34.4707,269.51699,-144.83917,325.99577,-11.3268,255.28799,135.81331,,,,,,,,,,,,,,,true
dd2b062d-86f8-40ae-950a-2dd1202047da,119,49cc5650-791f-11ef-a782-b30d481af723,258aa37f-049f-4e5a-a7ed-a08a2292045b,2024-09-22,16:14:35.46,2024-09-22,20:14:35.46,2024-09-22T16:14:35.4697250-04:00,2024-09-22T20:14:35.4697250Z,CEN_COL,CEN_COL,InPlay,Double,NoShift,79.99936,61.48169,150.16684,20.8296,78.22858,-56.40954,145.13811,-30.63457,271.70433,-148.29378,330.06006,-13.31276,249.63596,128.10447,,,,,,,,,,,,,,,true
dd2b062d-86f8-40ae-950a-2dd1202047da,120,60101af0-791f-11ef-a782-b30d481af723,25a613dc-61bc-471c-ae3c-f270b33f89ab,2024-09-22,16:15:12.69,2024-09-22,20:15:12.69,2024-09-22T16:15:12.6963234-04:00,2024-09-22T20:15:12.6963234Z,CEN_COL,CEN_COL,BallCalled,Undefined,NoShift,79.30788,52.19162,114.80747,20.74724,78.92519,-56.63762,109.30197,-20.85635,263.50132,-149.81266,322.13207,-20.56742,252.17327,125.46533,,,,,,,,,,,,,,,true
dd2b062d-86f8-40ae-950a-2dd1202047da,121,66e622c0-791f-11ef-a782-b30d481af723,0fb9106e-3d79-49a2-a34d-8dbf7113fccd,2024-09-22,16:15:24.28,2024-09-22,20:15:24.28,2024-09-22T16:15:24.2859042-04:00,2024-09-22T20:15:24.2859042Z,CEN_COL,CEN_COL,BallCalled,Undefined,NoShift,82.58134,56.27041,111.74733,23.87637,78.26652,-56.7062,109.43648,-20.21237,251.88726,-146.89633,323.8708,-20.08596,251.44503,127.1407,,,,,,,,,,,,,,,true
dd2b062d-86f8-40ae-950a-2dd1202047da,122,6dfa6c10-791f-11ef-a782-b30d481af723,3cea1454-e1cb-426b-bec8-9fb46e677c6b,2024-09-22,16:15:36.14,2024-09-22,20:15:36.14,2024-09-22T16:15:36.1436706-04:00,2024-09-22T20:15:36.1436706Z,CEN_COL,CEN_COL,InPlay,Single,NoShift,82.94247,56.42608,109.07137,24.6881,77.43551,-57.54884,109.10224,-20.17987,251.38119,-149.32477,318.80086,-18.44019,251.64738,124.90533,,,,,,,,,,,,,,,true
dd2b062d-86f8-40ae-950a-2dd1202047da,123,db6aeea0-791f-11ef-a782-b30d481af723,01fea37b-2cd1-4a10-a5fe-d3135fd1707d,2024-09-22,16:18:39.79,2024-09-22,20:18:39.79,2024-09-22T16:18:39.7931042-04:00,2024-09-22T20:18:39.7931042Z,CEN_COL,CEN_COL,BallCalled,Undefined,NoShift,98.71619,75.59149,152.3154,45.43361,81.3435,-61.00429,151.39119,-42.47503,278.68273,-143.20273,315.58446,3.65416,256.52495,147.52286,,,,,,,,,,,,,,,true
dd2b062d-86f8-40ae-950a-2dd1202047da,124,e4b21d80-791f-11ef-a782-b30d481af723,ad0d9ca3-36cd-4cdf-8adb-d2a75744f586,2024-09-22,16:18:55.18,2024-09-22,20:18:55.18,2024-09-22T16:18:55.1871522-04:00,2024-09-22T20:18:55.1871522Z,CEN_COL,CEN_COL,BallCalled,Undefined,NoShift,97.28212,74.96813,149.25874,46.281,88.98561,-68.47448,152.74686,-43.58136,283.42482,-144.22634,330.78612,5.36329,256.51322,148.2892,,,,,,,,,,,,,,,true
dd2b062d-86f8-40ae-950a-2dd1202047da,125,eca0c140-791f-11ef-a782-b30d481af723,4eacce86-3704-4d8c-8f82-23822704cf8d,2024-09-22,16:19:08.63,2024-09-22,20:19:08.63,2024-09-22T16:19:08.6375458-04:00,2024-09-22T20:19:08.6375458Z,CEN_COL,CEN_COL,InPlay,Single,NoShift,99.10034,75.45981,145.09895,44.94503,86.3466,-65.61909,155.0385,-44.39218,285.78004,-148.89451,322.2748,5.21238,257.38987,147.74835,,,,,,,,,,,,,,,true
dd2b062d-86f8-40ae-950a-2dd1202047da,126,01134850-7920-11ef-a782-b30d481af723,5a099245-41aa-4e47-91fd-f71fd9d0af5e,2024-09-22,16:19:42.95,2024-09-22,20:19:42.95,2024-09-22T16:19:42.9570082-04:00,2024-09-22T20:19:42.9570082Z,CEN_COL,CEN_COL,FoulBallNotFieldable,Undefined,NoShift,62.63785,58.8755,140.18139,49.1039,96.03237,-55.23852,151.34268,-19.36937,242.93895,-128.61214,324.25054,7.06772,256.93422,149.69999,,,,,,,,,,,,,,,true
dd2b062d-86f8-40ae-950a-2dd1202047da,127,18639af0-7920-11ef-a782-b30d481af723,3caf7415-dbb0-4708-8a51-f1c99dbb6132,2024-09-22,16:20:21.97,2024-09-22,20:20:21.97,2024-09-22T16:20:21.9730000-04:00,2024-09-22T20:20:21.9730000Z,CEN_COL,CEN_COL,BallCalled,Undefined,NoShift,62.72195,58.14398,136.97165,49.62872,95.95237,-53.96436,150.02213,-16.85315,260.67192,-137.83346,316.24719,7.47317,257.5153,146.59096,,,,,,,,,,,,,,,true
dd2b062d-86f8-40ae-950a-2dd1202047da,128,29b8dc70-7920-11ef-a782-b30d481af723,9022a256-d185-414d-864d-1b389d9a280c,2024-09-22,16:20:51.08,2024-09-22,20:20:51.08,2024-09-22T16:20:51.0870000-04:00,2024-09-22T20:20:51.0870000Z,CEN_COL,CEN_COL,BallCalled,Undefined,NoShift,91.42947,77.30803,138.64545,53.3048,79.45821,-58.08666,148.70979,-14.14074,250.46721,-142.22561,318.97208,2.12349,257.43084,152.78486,,,,,,,,,,,,,,,true
dd2b062d-86f8-40ae-950a-2dd1202047da,129,3aee8800-7920-11ef-a782-b30d481af723,3d0478fe-19f0-4d3b-8486-c9e0b20c02ff,2024-09-22,16:21:19.87,2024-09-22,20:21:19.87,2024-09-22T16:21:19.8704674-04:00,2024-09-22T20:21:19.8704674Z,CEN_COL,CEN_COL,BallCalled,Undefined,NoShift,76.79986,61.97376,103.61164,37.21076,66.695,-47.49465,,,241.97254,-143.32439,305.28952,1.73267,254.82708,146.6035,,,,,,,,,,,,,,,true
dd2b062d-86f8-40ae-950a-2dd1202047da,130,44a345c0-7920-11ef-a782-b30d481af723,a8c8fa2d-a500-4c6a-b2ed-7b982cb03485,2024-09-22,16:21:36.28,2024-09-22,20:21:36.28,2024-09-22T16:21:36.2889762-04:00,2024-09-22T20:21:36.2889762Z,CEN_COL,CEN_COL,InPlay,Out,NoShift,75.19189,60.23364,104.87672,36.60933,68.18402,-50.40199,,,243.34682,-141.57204,307.28883,4.3554,253.92101,144.99461,,,,,,,,,,,,,,,true
dd2b062d-86f8-40ae-950a-2dd1202047da,131,578e9090-7920-11ef-a782-b30d481af723,4668033d-402c-418c-bd56-5b2bd5f8b752,2024-09-22,16:22:08.01,2024-09-22,20:22:08.01,2024-09-22T16:22:08.0178210-04:00,2024-09-22T20:22:08.0178210Z,CEN_COL,CEN_COL,FoulBallNotFieldable,Undefined,NoShift,98.23609,74.14794,147.13323,44.06218,81.02768,-61.23247,149.43943,-46.02076,274.73978,-142.78368,309.75532,0.82676,251.10537,139.08714,,,,,,,,,,,,,,,true
dd2b062d-86f8-40ae-950a-2dd1202047da,132,62ab90e0-7920-11ef-a782-b30d481af723,3752c6fd-9c24-49c8-8b0e-8a5f53670a06,2024-09-22,16:22:26.58,2024-09-22,20:22:26.58,2024-09-22T16:22:26.5804834-04:00,2024-09-22T20:22:26.5804834Z,CEN_COL,CEN_COL,BallCalled,Undefined,NoShift,94.52327,72.32383,146.86667,44.40386,79.21589,-59.64851,150.44459,-47.02186,276.09741,-138.32791,324.32129,6.03657,256.76142,140.92485,,,,,,,,,,,,,,,true
dd2b062d-86f8-40ae-950a-2dd1202047da,133,6b8027d0-7920-11ef-a782-b30d481af723,b84086ad-4450-4b76-a64a-c05e9e4f5801,2024-09-22,16:22:41.41,2024-09-22,20:22:41.41,2024-09-22T16:22:41.4129698-04:00,2024-09-22T20:22:41.4129698Z,CEN_COL,CEN_COL,StrikeCalled,Undefined,NoShift,97.3782,75.02977,146.32953,43.85961,82.05479,-62.0706,149.625,-47.07686,279.3873,-140.4551,311.55996,6.66055,255.23736,139.51352,,,,,,,,,,,,,,,true
dd2b062d-86f8-40ae-950a-2dd1202047da,134,759be4c0-7920-11ef-a782-b30d481af723,6ad1e659-b302-4995-8705-603b98490172,2024-09-22,16:22:58.50,2024-09-22,20:22:58.50,2024-09-22T16:22:58.5045538-04:00,2024-09-22T20:22:58.5045538Z,CEN_COL,CEN_COL,InPlay,Single,NoShift,95.58969,73.97182,145.10087,44.39495,81.5536,-61.2219,150.97906,-47.1178,279.26873,-142.88285,309.97909,7.95753,259.1232,141.78807,,,,,,,,,,,,,,,true
dd2b062d-86f8-40ae-950a-2dd1202047da,135,8c87d040-7920-11ef-a782-b30d481af723,9478a45b-bcde-493c-ad43-a28d50991fce,2024-09-22,16:23:36.93,2024-09-22,20:23:36.93,2024-09-22T16:23:36.9317922-04:00,2024-09-22T20:23:36.9317922Z,CEN_COL,CEN_COL,FoulBallNotFieldable,Undefined,NoShift,62.28386,59.01767,142.74062,26.18264,82.51622,-61.64767,142.95937,-31.47754,272.66321,-137.39464,312.09079,2.07766,253.70512,140.34798,,,,,,,,,,,,,,,true
dd2b062d-86f8-40ae-950a-2dd1202047da,136,9f36ae50-7920-11ef-a782-b30d481af723,acb9ec57-82ea-4d37-9b6c-a4316404d7e6,2024-09-22,16:24:08.14,2024-09-22,20:24:08.14,2024-09-22T16:24:08.1408546-04:00,2024-09-22T20:24:08.1408546Z,CEN_COL,CEN_COL,FoulBallNotFieldable,Undefined,NoShift,62.61225,58.55812,140.06775,24.55305,79.50209,-60.18503,144.86328,-33.09248,279.10223,-141.55497,309.70513,2.34535,260.5779,142.26558,,,,,,,,,,,,,,,true
dd2b062d-86f8-40ae-950a-2dd1202047da,137,ad7fc140-7920-11ef-a782-b30d481af723,bfec4e45-b423-4eb1-b59b-55c57989f837,2024-09-22,16:24:32.20,2024-09-22,20:24:32.20,2024-09-22T16:24:32.2077218-04:00,2024-09-22T20:24:32.2077218Z,CEN_COL,CEN_COL,BallCalled,Undefined,NoShift,63.06853,58.50175,145.74629,25.10638,79.72281,-59.92271,144.02512,-32.83459,291.50309,-145.73455,313.33585,6.0814,257.56194,140.31753,,,,,,,,,,,,,,,true
dd2b062d-86f8-40ae-950a-2dd1202047da,138,bdc58e90-7920-11ef-a782-b30d481af723,b9fe6e5b-4638-4e06-8ab3-3a671b5edbea,2024-09-22,16:24:59.51,2024-09-22,20:24:59.51,2024-09-22T16:24:59.5190306-04:00,2024-09-22T20:24:59.5190306Z,CEN_COL,CEN_COL,InPlay,Out,NoShift,90.60996,69.34132,142.59429,13.87165,77.3258,-58.73821,150.86405,-37.64346,274.31779,-142.77439,312.17212,4.89232,251.68577,140.49519,,,,,,,,,,,,,,,true
dd2b062d-86f8-40ae-950a-2dd1202047da,139,eac777f0-7920-11ef-a782-b30d481af723,c13e36a4-c5c0-4970-9d5e-49cd5c76e4db,2024-09-22,16:26:14.99,2024-09-22,20:26:14.99,2024-09-22T16:26:14.9938210-04:00,2024-09-22T20:26:14.9938210Z,CEN_COL,CEN_COL,BallCalled,Undefined,NoShift,97.46893,73.73752,138.48435,16.0359,78.5756,-60.42533,141.15331,-28.97597,268.25047,-142.51795,311.11028,1.13414,256.16354,136.53958,,,,,,,,,,,,,,,true
dd2b062d-86f8-40ae-950a-2dd1202047da,140,fce846d0-7920-11ef-a782-b30d481af723,2002b700-ceb8-4db2-8a29-3fa0e0343136,2024-09-22,16:26:45.32,2024-09-22,20:26:45.32,2024-09-22T16:26:45.3204002-04:00,2024-09-22T20:26:45.3204002Z,CEN_COL,CEN_COL,BallCalled,Undefined,NoShift,97.34148,75.55106,146.53578,39.15026,80.97769,-61.52884,151.08022,-40.97607,269.84419,-143.86125,316.26783,2.57155,255.57003,135.00057,,,,,,,,,,,,,,,true
dd2b062d-86f8-40ae-950a-2dd1202047da,141,100e77c0-7921-11ef-a782-b30d481af723,80ce32fa-a0cb-48a0-9925-dac8b53d7766,2024-09-22,16:27:17.59,2024-09-22,20:27:17.59,2024-09-22T16:27:17.5936546-04:00,2024-09-22T20:27:17.5936546Z,CEN_COL,CEN_COL,FoulBallNotFieldable,Undefined,NoShift,93.3607,73.26903,142.8093,39.903,79.10535,-61.08839,151.78213,-42.49389,262.90428,-137.76765,321.94578,3.24271,254.34834,135.32868,,,,,,,,,,,,,,,true
dd2b062d-86f8-40ae-950a-2dd1202047da,142,2158bcc0-7921-11ef-a782-b30d481af723,5b122ac8-361f-43e4-867b-f2ad43db5a1f,2024-09-22,16:27:46.50,2024-09-22,20:27:46.50,2024-09-22T16:27:46.5077794-04:00,2024-09-22T20:27:46.5077794Z,CEN_COL,CEN_COL,BallCalled,Undefined,NoShift,95.23514,76.04724,144.93502,45.22904,86.54725,-63.0773,151.92655,-42.68981,276.08919,-142.09569,314.47308,4.09768,256.7811,138.70078,,,,,,,,,,,,,,,true
dd2b062d-86f8-40ae-950a-2dd1202047da,143,2d877b30-7921-11ef-a782-b30d481af723,de6ac5a2-9a68-400f-b87e-3a2892ea5f7e,2024-09-22,16:28:07.07,2024-09-22,20:28:07.07,2024-09-22T16:28:07.0743586-04:00,2024-09-22T20:28:07.0743586Z,CEN_COL,CEN_COL,InPlay,Out,NoShift,95.52982,75.86811,147.21574,43.55034,87.04032,-63.32215,152.39126,-41.74643,279.94108,-147.86434,318.15445,4.60575,262.96744,141.53571,,,,,,,,,,,,,,,true