GameUID,PitchNo,PitchUID,PlayID,Date,Time,UTCDate,UTCTime,LocalDateTime,UTCDateTime,PitcherTeam,BatterTeam,PitchCall,PlayResult,DetectedShift,1B_PositionAtReleaseX,1B_PositionAtReleaseZ,2B_PositionAtReleaseX,2B_PositionAtReleaseZ,3B_PositionAtReleaseX,3B_PositionAtReleaseZ,SS_PositionAtReleaseX,SS_PositionAtReleaseZ,LF_PositionAtReleaseX,LF_PositionAtReleaseZ,CF_PositionAtReleaseX,CF_PositionAtReleaseZ,RF_PositionAtReleaseX,RF_PositionAtReleaseZ
84a029d9-6b6c-4891-9286-e3b480981075,1,ff7d0a40-5576-11ed-a59b-e793b4f599a1,850b1a8b-d337-4577-b134-d5a2ba768cab,2022-10-26,17:41:49.34,2022-10-26,21:41:49.34,2022-10-26T17:41:49.3450000-04:00,2022-10-26T21:41:49.3450000Z,CEN_COL,CEN_COL,StrikeCalled,Undefined,NoShift,75.88401,63.82033,142.67058,51.43739,73.32721,-49.51389,149.05273,-30.96004,246.76034,-117.05639,333.2379,20.83751,255.63183,146.9808
84a029d9-6b6c-4891-9286-e3b480981075,2,08f5a960-5577-11ed-a59b-e793b4f599a1,fed2f006-979e-43f1-91ce-21e01d55c8fa,2022-10-26,17:42:05.12,2022-10-26,21:42:05.12,2022-10-26T17:42:05.1210000-04:00,2022-10-26T21:42:05.1210000Z,CEN_COL,CEN_COL,StrikeSwinging,Undefined,NoShift,78.87298,67.53104,141.0739,50.89009,79.08713,-52.00886,146.12153,-29.31061,247.98128,-117.34415,335.37851,20.83831,256.68578,143.67108
84a029d9-6b6c-4891-9286-e3b480981075,3,14893940-5577-11ed-a59b-e793b4f599a1,6e2d2664-be9a-477c-a7cb-d4e26cefe058,2022-10-26,17:42:24.56,2022-10-26,21:42:24.56,2022-10-26T17:42:24.5660000-04:00,2022-10-26T21:42:24.5660000Z,CEN_COL,CEN_COL,FoulBall,Undefined,NoShift,79.0623,67.00568,140.654,56.46387,86.64507,-59.43004,148.28826,-29.52095,250.22142,-119.50392,338.18102,21.39448,257.33615,146.76242
84a029d9-6b6c-4891-9286-e3b480981075,4,22e203a0-5577-11ed-a59b-e793b4f599a1,c562e3a5-8a04-4301-88b6-90482fc835f4,2022-10-26,17:42:48.69,2022-10-26,21:42:48.69,2022-10-26T17:42:48.6930000-04:00,2022-10-26T21:42:48.6930000Z,CEN_COL,CEN_COL,BallCalled,Undefined,NoShift,81.99365,68.7531,141.14162,54.34024,84.82019,-56.99621,147.15716,-34.37738,248.64266,-117.3208,339.40881,21.78945,257.85748,150.01884
84a029d9-6b6c-4891-9286-e3b480981075,5,2cbce700-5577-11ed-a59b-e793b4f599a1,d3981bd5-4ec8-461f-b6a1-fbd34530ea61,2022-10-26,17:43:05.19,2022-10-26,21:43:05.19,2022-10-26T17:43:05.1940000-04:00,2022-10-26T21:43:05.1940000Z,CEN_COL,CEN_COL,BallCalled,Undefined,NoShift,80.49941,69.62048,141.01725,53.50843,85.79764,-58.26685,148.29616,-32.27951,248.91931,-117.73078,340.83708,21.57894,257.14427,149.47185
84a029d9-6b6c-4891-9286-e3b480981075,6,39771c90-5577-11ed-a59b-e793b4f599a1,a8e0164d-1fa4-4a28-814b-a8d78665213d,2022-10-26,17:43:26.55,2022-10-26,21:43:26.55,2022-10-26T17:43:26.5590000-04:00,2022-10-26T21:43:26.5590000Z,CEN_COL,CEN_COL,FoulBall,Undefined,NoShift,82.30048,70.36995,140.05178,52.75061,87.46553,-61.07336,149.51164,-32.91216,249.67257,-117.36689,340.30553,21.36623,257.10798,149.46752
84a029d9-6b6c-4891-9286-e3b480981075,7,48183a90-5577-11ed-a59b-e793b4f599a1,de8284ee-8cd4-4bee-a861-3e39a03afe80,2022-10-26,17:43:51.11,2022-10-26,21:43:51.11,2022-10-26T17:43:51.1150000-04:00,2022-10-26T21:43:51.1150000Z,CEN_COL,CEN_COL,StrikeCalled,Undefined,NoShift,82.19837,71.63528,143.7018,53.87604,87.91376,-63.63978,147.92125,-34.38678,252.24832,-121.96097,342.8066,22.83012,261.19383,152.89807
84a029d9-6b6c-4891-9286-e3b480981075,8,58a76cf0-5577-11ed-a59b-e793b4f599a1,836af8ea-9653-45ff-8c71-ad3684041027,2022-10-26,17:44:18.66,2022-10-26,21:44:18.66,2022-10-26T17:44:18.6600000-04:00,2022-10-26T21:44:18.6600000Z,CEN_COL,CEN_COL,BallCalled,Undefined,NoShift,78.45405,63.04679,144.72576,47.35766,89.87119,-66.6187,145.79246,-41.62907,259.4181,-135.00382,323.80296,-0.21259,265.32779,149.00949
84a029d9-6b6c-4891-9286-e3b480981075,9,60ba6190-5577-11ed-a59b-e793b4f599a1,ee8aecc9-d5d8-48aa-a035-b4a075ec8119,2022-10-26,17:44:32.45,2022-10-26,21:44:32.45,2022-10-26T17:44:32.4580000-04:00,2022-10-26T21:44:32.4580000Z,CEN_COL,CEN_COL,StrikeCalled,Undefined,NoShift,79.16538,62.59251,145.09548,47.13902,88.52911,-67.31996,145.51629,-42.50616,260.81844,-136.16709,330.1731,0.58371,264.48831,150.54379
84a029d9-6b6c-4891-9286-e3b480981075,10,6a4bb8d0-5577-11ed-a59b-e793b4f599a1,4cd82f8c-9312-40cc-b2fa-3b98222302de,2022-10-26,17:44:48.32,2022-10-26,21:44:48.32,2022-10-26T17:44:48.3270000-04:00,2022-10-26T21:44:48.3270000Z,CEN_COL,CEN_COL,InPlay,Single,NoShift,80.11637,64.22718,144.20029,46.52108,87.66066,-69.40737,144.51568,-42.19086,259.75498,-138.02398,328.09295,0.46991,265.16576,150.41287
84a029d9-6b6c-4891-9286-e3b480981075,11,8e101040-5577-11ed-a59b-e793b4f599a1,a5e9472e-3744-47f5-afa9-b4295044c5cb,2022-10-26,17:45:48.48,2022-10-26,21:45:48.48,2022-10-26T17:45:48.4860000-04:00,2022-10-26T21:45:48.4860000Z,CEN_COL,CEN_COL,BallCalled,Undefined,NoShift,64.83087,60.94209,141.22349,31.13266,80.51749,-62.14837,138.92535,-20.98119,262.38915,-136.84204,330.88523,27.73303,255.55678,153.1339
84a029d9-6b6c-4891-9286-e3b480981075,12,9b0f3e10-5577-11ed-a59b-e793b4f599a1,3f621da4-745a-4853-922d-c05153fe31a8,2022-10-26,17:46:10.21,2022-10-26,21:46:10.21,2022-10-26T17:46:10.2180000-04:00,2022-10-26T21:46:10.2180000Z,CEN_COL,CEN_COL,StrikeSwinging,Undefined,NoShift,64.84613,60.84137,145.7568,30.79518,76.62108,-59.9334,140.18792,-22.42251,268.02586,-138.52889,332.96005,27.50888,260.19303,153.6595
84a029d9-6b6c-4891-9286-e3b480981075,13,a7ed9d70-5577-11ed-a59b-e793b4f599a1,72cf9e3a-b5e3-402b-ab9e-b7f7f04635b9,2022-10-26,17:46:31.83,2022-10-26,21:46:31.83,2022-10-26T17:46:31.8360000-04:00,2022-10-26T21:46:31.8360000Z,CEN_COL,CEN_COL,HitByPitch,Undefined,NoShift,64.33463,60.10938,143.09994,28.32531,78.10655,-60.83158,141.47819,-27.7712,273.74644,-135.13142,340.07977,30.26311,264.72916,158.22687
84a029d9-6b6c-4891-9286-e3b480981075,14,c61afcc0-5577-11ed-a59b-e793b4f599a1,4f41076e-0c59-497f-aba4-c88d6eb9c2c3,2022-10-26,17:47:22.54,2022-10-26,21:47:22.54,2022-10-26T17:47:22.5430000-04:00,2022-10-26T21:47:22.5430000Z,CEN_COL,CEN_COL,StrikeCalled,Undefined,NoShift,79.32637,66.6057,149.84975,66.61407,91.06346,-54.8189,,,261.19656,-122.05741,325.70374,40.44239,257.80858,158.10846
84a029d9-6b6c-4891-9286-e3b480981075,15,d2228420-5577-11ed-a59b-e793b4f599a1,4436175f-db31-4e02-adbf-b6ef7ae1f6a5,2022-10-26,17:47:42.68,2022-10-26,21:47:42.68,2022-10-26T17:47:42.6890000-04:00,2022-10-26T21:47:42.6890000Z,CEN_COL,CEN_COL,BallCalled,Undefined,NoShift,79.97233,67.85396,154.21305,67.08939,91.76677,-55.33533,,,262.75608,-122.96827,327.87418,40.73611,260.44875,162.04772
84a029d9-6b6c-4891-9286-e3b480981075,16,df6b8c30-5577-11ed-a59b-e793b4f599a1,c9237814-2c09-4051-8ebc-17f69acbe8ab,2022-10-26,17:48:04.93,2022-10-26,21:48:04.93,2022-10-26T17:48:04.9390000-04:00,2022-10-26T21:48:04.9390000Z,CEN_COL,CEN_COL,BallCalled,Undefined,NoShift,78.38458,66.20682,156.42386,67.20009,86.19586,-54.6359,,,259.4067,-120.99265,326.2963,40.67727,259.89966,160.78745
84a029d9-6b6c-4891-9286-e3b480981075,17,eee8d960-5577-11ed-a59b-e793b4f599a1,3f743911-9456-4ffc-818f-64bdca8f2b14,2022-10-26,17:48:30.61,2022-10-26,21:48:30.61,2022-10-26T17:48:30.6110000-04:00,2022-10-26T21:48:30.6110000Z,CEN_COL,CEN_COL,BallCalled,Undefined,NoShift,77.30816,64.14467,161.52855,69.33889,87.02474,-57.16001,,,261.32189,-123.1378,326.94099,41.21699,255.15792,157.57609
84a029d9-6b6c-4891-9286-e3b480981075,18,fce66460-5577-11ed-a59b-e793b4f599a1,dcc1c972-92c7-4de0-bce9-dd90b00debf6,2022-10-26,17:48:54.31,2022-10-26,21:48:54.31,2022-10-26T17:48:54.3190000-04:00,2022-10-26T21:48:54.3190000Z,CEN_COL,CEN_COL,StrikeCalled,Undefined,NoShift,78.07311,63.15269,165.09842,69.21618,91.30361,-59.26104,,,261.78505,-122.84527,329.48423,41.80292,257.36351,158.8326
84a029d9-6b6c-4891-9286-e3b480981075,19,0949c760-5578-11ed-a59b-e793b4f599a1,bea44dc4-e2d5-4262-8cd0-f1a110013474,2022-10-26,17:49:15.26,2022-10-26,21:49:15.26,2022-10-26T17:49:15.2680000-04:00,2022-10-26T21:49:15.2680000Z,CEN_COL,CEN_COL,StrikeCalled,Undefined,NoShift,89.2249,78.38153,166.65763,71.4221,91.89323,-58.32661,,,264.76033,-123.98437,327.41793,42.19236,252.81041,156.11681
84a029d9-6b6c-4891-9286-e3b480981075,20,1b0d3400-5578-11ed-a59b-e793b4f599a1,d61c58ff-363c-4825-8293-0a3c9f3ddc33,2022-10-26,17:49:44.95,2022-10-26,21:49:44.95,2022-10-26T17:49:44.9520000-04:00,2022-10-26T21:49:44.9520000Z,CEN_COL,CEN_COL,BallCalled,Undefined,NoShift,86.0288,60.60583,140.46482,16.3531,85.90018,-72.33958,140.14477,-52.21727,257.55814,-149.8945,313.39285,-12.25258,258.09688,149.37501
84a029d9-6b6c-4891-9286-e3b480981075,21,2731e050-5578-11ed-a59b-e793b4f599a1,24bc6072-318f-42fd-a6c6-acbcdf3c9ad8,2022-10-26,17:50:05.42,2022-10-26,21:50:05.42,2022-10-26T17:50:05.4260000-04:00,2022-10-26T21:50:05.4260000Z,CEN_COL,CEN_COL,StrikeCalled,Undefined,NoShift,84.06463,61.72843,147.61315,35.97783,139.66648,-52.76813,127.70853,-23.17593,258.15722,-147.73207,316.41506,-11.62379,258.92487,151.98098
84a029d9-6b6c-4891-9286-e3b480981075,22,33690330-5578-11ed-a59b-e793b4f599a1,776de9d1-2ba1-47cd-bdcf-9bec1f92ecfc,2022-10-26,17:50:25.96,2022-10-26,21:50:25.96,2022-10-26T17:50:25.9600000-04:00,2022-10-26T21:50:25.9600000Z,CEN_COL,CEN_COL,StrikeSwinging,Undefined,NoShift,86.78547,64.21212,148.58435,35.38698,143.63381,-52.00867,127.70109,-25.00904,255.41887,-147.7581,320.59976,-11.00646,263.2474,154.57074
84a029d9-6b6c-4891-9286-e3b480981075,23,45839080-5578-11ed-a59b-e793b4f599a1,e1295888-c803-49ba-9997-967900b8ed86,2022-10-26,17:50:56.10,2022-10-26,21:50:56.10,2022-10-26T17:50:56.1040000-04:00,2022-10-26T21:50:56.1040000Z,CEN_COL,CEN_COL,BallCalled,Undefined,NoShift,89.87454,69.83516,150.60762,40.582,86.27175,-71.39174,142.00233,-55.65884,255.99455,-144.94643,317.8475,-10.14965,248.43444,149.91078
84a029d9-6b6c-4891-9286-e3b480981075,24,55c00f00-5578-11ed-a59b-e793b4f599a1,3f710a0a-bf96-40c8-a2e3-eb01c84e6a2f,2022-10-26,17:51:23.41,2022-10-26,21:51:23.41,2022-10-26T17:51:23.4190000-04:00,2022-10-26T21:51:23.4190000Z,CEN_COL,CEN_COL,BallCalled,Undefined,NoShift,88.72691,71.4306,150.36541,43.92333,142.48669,-57.92666,128.88339,-25.33138,255.32775,-144.89684,322.08753,-10.10404,256.69006,151.90481
84a029d9-6b6c-4891-9286-e3b480981075,25,69e909f0-5578-11ed-a59b-e793b4f599a1,8494a159-6925-467a-b0d8-8645e0420102,2022-10-26,17:51:57.30,2022-10-26,21:51:57.30,2022-10-26T17:51:57.3050000-04:00,2022-10-26T21:51:57.3050000Z,CEN_COL,CEN_COL,StrikeSwinging,Undefined,NoShift,87.97067,66.72311,144.96432,47.50223,84.78736,-68.84011,138.84703,-54.54771,253.16439,-141.2161,314.69836,-7.76135,254.52672,148.97163
84a029d9-6b6c-4891-9286-e3b480981075,26,d19e6a90-5578-11ed-a59b-e793b4f599a1,b12aefba-7a51-438f-befc-58b8a04c1a6d,2022-10-26,17:54:51.28,2022-10-26,21:54:51.28,2022-10-26T17:54:51.2820000-04:00,2022-10-26T21:54:51.2820000Z,CEN_COL,CEN_COL,StrikeCalled,Undefined,NoShift,85.5712,66.54959,148.75587,32.76849,88.78359,-70.18147,146.54644,-38.15604,285.29131,-147.46863,335.76914,0.52049,258.66223,133.71396
84a029d9-6b6c-4891-9286-e3b480981075,27,dc3990b0-5578-11ed-a59b-e793b4f599a1,907c8f9b-2975-4532-a562-ba5ab9ef27ce,2022-10-26,17:55:08.98,2022-10-26,21:55:08.98,2022-10-26T17:55:08.9840000-04:00,2022-10-26T21:55:08.9840000Z,CEN_COL,CEN_COL,BallCalled,Undefined,NoShift,85.31768,65.40181,147.09526,34.65543,87.82306,-68.98413,144.43117,-40.24492,286.95424,-148.123,332.60482,0.33018,257.33018,133.39151
84a029d9-6b6c-4891-9286-e3b480981075,28,e5e28ea0-5578-11ed-a59b-e793b4f599a1,ee8921a2-8826-46c0-8796-95e194234624,2022-10-26,17:55:25.28,2022-10-26,21:55:25.28,2022-10-26T17:55:25.2810000-04:00,2022-10-26T21:55:25.2810000Z,CEN_COL,CEN_COL,StrikeCalled,Undefined,NoShift,85.30144,64.86678,145.97535,35.87172,87.64727,-68.40447,144.22593,-40.07883,281.56635,-144.76626,331.79176,-0.09577,259.95688,134.95285
84a029d9-6b6c-4891-9286-e3b480981075,29,f0f13710-5578-11ed-a59b-e793b4f599a1,9050458e-7744-4d5d-ae16-8a304590f1b0,2022-10-26,17:55:43.84,2022-10-26,21:55:43.84,2022-10-26T17:55:43.8470000-04:00,2022-10-26T21:55:43.8470000Z,CEN_COL,CEN_COL,BallCalled,Undefined,NoShift,82.59814,63.23393,145.5105,37.83352,88.87632,-69.73531,143.43087,-41.4719,283.55056,-145.56382,328.05759,0.4399,260.98726,135.48613
84a029d9-6b6c-4891-9286-e3b480981075,30,fa7f5a00-5578-11ed-a59b-e793b4f599a1,c6564356-1801-4b77-a4ca-ae04066b13cd,2022-10-26,17:55:59.79,2022-10-26,21:55:59.79,2022-10-26T17:55:59.7930000-04:00,2022-10-26T21:55:59.7930000Z,CEN_COL,CEN_COL,StrikeSwinging,Undefined,NoShift,83.6244,64.19469,144.30813,44.34305,88.80414,-69.52135,150.25194,-31.05994,285.88459,-146.34765,322.69958,0.71253,263.47045,136.57271
84a029d9-6b6c-4891-9286-e3b480981075,31,09b45390-5579-11ed-a59b-e793b4f599a1,58a4c895-eba2-491a-ac45-4ea4c7da478f,2022-10-26,17:56:25.41,2022-10-26,21:56:25.41,2022-10-26T17:56:25.4110000-04:00,2022-10-26T21:56:25.4110000Z,CEN_COL,CEN_COL,BallCalled,Undefined,LeftInfieldShift,90.81369,53.11054,151.55292,-24.20821,86.16196,-78.91688,126.92738,-63.55645,272.33462,-164.618,341.44971,-21.33276,273.84881,134.45368
84a029d9-6b6c-4891-9286-e3b480981075,32,13bf47a0-5579-11ed-a59b-e793b4f599a1,a2934b2f-ec1c-431e-9a29-2313a8d154bf,2022-10-26,17:56:42.25,2022-10-26,21:56:42.25,2022-10-26T17:56:42.2510000-04:00,2022-10-26T21:56:42.2510000Z,CEN_COL,CEN_COL,StrikeCalled,Undefined,LeftInfieldShift,92.18552,54.81746,150.40387,-23.61651,87.01582,-79.4064,129.3983,-63.87802,272.37444,-166.09701,337.78381,-7.81417,282.69487,125.21503
84a029d9-6b6c-4891-9286-e3b480981075,33,1d48fdc0-5579-11ed-a59b-e793b4f599a1,5036ac6b-b4d4-4e25-b983-1e08ec01bdcf,2022-10-26,17:56:58.23,2022-10-26,21:56:58.23,2022-10-26T17:56:58.2350000-04:00,2022-10-26T21:56:58.2350000Z,CEN_COL,CEN_COL,BallCalled,Undefined,LeftInfieldShift,90.79439,53.41702,149.85898,-24.53423,86.9974,-78.81684,132.87857,-70.67023,270.41749,-164.45562,324.06108,-4.28031,288.71803,128.8709
84a029d9-6b6c-4891-9286-e3b480981075,34,278a4410-5579-11ed-a59b-e793b4f599a1,74c5ee37-37fc-474e-8841-e33d7fb72ccd,2022-10-26,17:57:15.41,2022-10-26,21:57:15.41,2022-10-26T17:57:15.4190000-04:00,2022-10-26T21:57:15.4190000Z,CEN_COL,CEN_COL,StrikeCalled,Undefined,NoShift,90.98413,54.37052,,,87.40365,-78.93192,130.41665,-67.0201,280.27021,-166.38152,329.1858,-4.64645,283.72663,125.44792
84a029d9-6b6c-4891-9286-e3b480981075,35,31c17840-5579-11ed-a59b-e793b4f599a1,0b1acfe7-2b99-42d8-ae79-00526272cb93,2022-10-26,17:57:32.57,2022-10-26,21:57:32.57,2022-10-26T17:57:32.5720000-04:00,2022-10-26T21:57:32.5720000Z,CEN_COL,CEN_COL,BallCalled,Undefined,NoShift,90.29038,54.49032,,,87.46425,-78.95229,135.9736,-62.18578,278.18111,-165.40867,329.61289,-0.95706,284.24263,125.94324
84a029d9-6b6c-4891-9286-e3b480981075,36,3cd74ca0-5579-11ed-a59b-e793b4f599a1,2a4a78b1-6ffd-4a38-a345-fb963a15a606,2022-10-26,17:57:51.14,2022-10-26,21:57:51.14,2022-10-26T17:57:51.1460000-04:00,2022-10-26T21:57:51.1460000Z,CEN_COL,CEN_COL,FoulBall,Undefined,NoShift,92.45718,53.74551,,,92.94283,-74.06712,132.96388,-53.87594,279.34214,-166.31976,329.01926,-0.50042,286.3345,127.58345
84a029d9-6b6c-4891-9286-e3b480981075,37,4dcf2be0-5579-11ed-a59b-e793b4f599a1,0beebaec-da91-4499-8d9b-164488bae9d1,2022-10-26,17:58:19.60,2022-10-26,21:58:19.60,2022-10-26T17:58:19.6080000-04:00,2022-10-26T21:58:19.6080000Z,CEN_COL,CEN_COL,InPlay,Out,NoShift,94.02769,55.89069,,,97.25756,-77.06824,135.13321,-58.54498,270.75402,-161.43987,333.30437,0.96244,287.79893,127.42227
84a029d9-6b6c-4891-9286-e3b480981075,38,6203bf90-5579-11ed-a59b-e793b4f599a1,524523e7-8f16-4f74-905a-7a934eab8edc,2022-10-26,17:58:53.41,2022-10-26,21:58:53.41,2022-10-26T17:58:53.4160000-04:00,2022-10-26T21:58:53.4160000Z,CEN_COL,CEN_COL,InPlay,Out,NoShift,89.88877,66.0338,151.39011,35.833,89.12899,-74.99232,147.16866,-52.80389,287.47246,-172.80288,349.87396,-12.78481,289.67258,131.9027
84a029d9-6b6c-4891-9286-e3b480981075,39,cabf4590-5579-11ed-a59b-e793b4f599a1,42a39e1d-b334-44c1-bf1b-31caa9f86f7f,2022-10-26,18:01:49.31,2022-10-26,22:01:49.31,2022-10-26T18:01:49.3190000-04:00,2022-10-26T22:01:49.3190000Z,CEN_COL,CEN_COL,InPlay,Single,NoShift,95.62546,75.71639,143.23034,41.95497,91.95971,-76.12185,143.29571,-42.39183,286.05501,-156.14969,327.50396,-4.55588,294.00098,124.55456
84a029d9-6b6c-4891-9286-e3b480981075,40,e2549070-5579-11ed-a59b-e793b4f599a1,48eeabd9-13d3-4846-b4a7-df5a03853daa,2022-10-26,18:02:28.84,2022-10-26,22:02:28.84,2022-10-26T18:02:28.8480000-04:00,2022-10-26T22:02:28.8480000Z,CEN_COL,CEN_COL,BallCalled,Undefined,NoShift,65.33869,60.66489,129.47735,30.49924,67.11165,-46.7573,135.84783,-26.55849,272.73934,-137.41988,314.55724,-1.66498,266.04282,144.42494
84a029d9-6b6c-4891-9286-e3b480981075,41,f99f3dc0-5579-11ed-a59b-e793b4f599a1,72aa68f6-db38-4cbc-8452-df7654a21c01,2022-10-26,18:03:07.84,2022-10-26,22:03:07.84,2022-10-26T18:03:07.8430000-04:00,2022-10-26T22:03:07.8430000Z,CEN_COL,CEN_COL,BallCalled,Undefined,NoShift,65.70234,60.92532,131.12925,29.82996,73.12229,-51.33624,138.43192,-26.54991,274.27833,-140.14559,320.16996,1.92048,271.97157,146.13011
84a029d9-6b6c-4891-9286-e3b480981075,42,042c0c00-557a-11ed-a59b-e793b4f599a1,b667a587-04b3-4cb6-8195-98f033be1411,2022-10-26,18:03:25.60,2022-10-26,22:03:25.60,2022-10-26T18:03:25.6010000-04:00,2022-10-26T22:03:25.6010000Z,CEN_COL,CEN_COL,BallCalled,Undefined,NoShift,65.48299,60.71839,134.33666,29.79431,75.11765,-53.86028,137.15129,-27.543,271.66305,-145.1614,342.27129,-5.99047,276.59274,147.86254
84a029d9-6b6c-4891-9286-e3b480981075,43,10b4d150-557a-11ed-a59b-e793b4f599a1,db05079e-a8d7-4929-964c-c5aac27d2073,2022-10-26,18:03:46.66,2022-10-26,22:03:46.66,2022-10-26T18:03:46.6640000-04:00,2022-10-26T22:03:46.6640000Z,CEN_COL,CEN_COL,StrikeCalled,Undefined,NoShift,63.46127,60.38622,134.01502,28.84159,78.7369,-59.00444,139.544,-29.18487,276.8345,-144.60535,341.52865,-0.8195,273.23441,147.90436
84a029d9-6b6c-4891-9286-e3b480981075,44,20b7a230-557a-11ed-a59b-e793b4f599a1,e8cb4f38-8f21-42e1-9b48-be2f8b9730ef,2022-10-26,18:04:13.50,2022-10-26,22:04:13.50,2022-10-26T18:04:13.5020000-04:00,2022-10-26T22:04:13.5020000Z,CEN_COL,CEN_COL,BallCalled,Undefined,NoShift,65.96439,60.846,135.34173,29.23543,74.90842,-54.44626,135.78735,-25.03778,274.27887,-142.65826,323.26775,-0.51902,274.77498,147.76252
84a029d9-6b6c-4891-9286-e3b480981075,45,5a5d04d0-557a-11ed-a59b-e793b4f599a1,e5fc6c1a-9734-4b11-83ba-f9ed1fe6e773,2022-10-26,18:05:50.26,2022-10-26,22:05:50.26,2022-10-26T18:05:50.2610000-04:00,2022-10-26T22:05:50.2610000Z,CEN_COL,CEN_COL,StrikeCalled,Undefined,NoShift,68.99758,52.8351,127.7046,28.95392,62.55456,-42.94469,121.46743,-29.6184,278.03381,-119.37649,321.32723,10.34894,265.85783,150.92326
84a029d9-6b6c-4891-9286-e3b480981075,46,72c704d0-557a-11ed-a59b-e793b4f599a1,bc6a94d2-c983-458a-be89-0547c937649f,2022-10-26,18:06:31.14,2022-10-26,22:06:31.14,2022-10-26T18:06:31.1430000-04:00,2022-10-26T22:06:31.1430000Z,CEN_COL,CEN_COL,BallCalled,Undefined,NoShift,66.32037,49.9706,125.20579,36.33868,71.08269,-48.98647,133.55584,-30.26362,268.11968,-125.35103,320.54708,9.28313,264.19786,149.60325
84a029d9-6b6c-4891-9286-e3b480981075,47,891db530-557a-11ed-a59b-e793b4f599a1,68fa10a4-8464-42d8-a1f0-e7ca145888c8,2022-10-26,18:07:08.65,2022-10-26,22:07:08.65,2022-10-26T18:07:08.6530000-04:00,2022-10-26T22:07:08.6530000Z,CEN_COL,CEN_COL,BallCalled,Undefined,NoShift,96.03802,75.38598,146.34313,48.92523,77.99726,-56.65919,139.74858,-28.1495,262.35745,-124.86717,309.23615,-2.366,266.55939,151.79341
84a029d9-6b6c-4891-9286-e3b480981075,48,95958a90-557a-11ed-a59b-e793b4f599a1,a59e138a-8e0e-423b-9bd4-08bf2707ccc3,2022-10-26,18:07:29.62,2022-10-26,22:07:29.62,2022-10-26T18:07:29.6290000-04:00,2022-10-26T22:07:29.6290000Z,CEN_COL,CEN_COL,FoulBall,Undefined,NoShift,93.43021,74.22621,141.67418,29.28748,83.22726,-60.30505,139.64942,-24.03759,271.54282,-131.75906,312.30173,6.06405,267.6018,151.40262
84a029d9-6b6c-4891-9286-e3b480981075,49,a8c00140-557a-11ed-a59b-e793b4f599a1,89b0b464-fac5-4e20-9b2b-8eec9b927034,2022-10-26,18:08:01.77,2022-10-26,22:08:01.77,2022-10-26T18:08:01.7710000-04:00,2022-10-26T22:08:01.7710000Z,CEN_COL,CEN_COL,BallCalled,Undefined,NoShift,95.06642,75.93383,143.68488,44.39492,84.11745,-61.85362,141.52933,-28.59248,263.26143,-130.17608,312.846,3.94085,271.91073,148.87555
84a029d9-6b6c-4891-9286-e3b480981075,50,b9075530-557a-11ed-a59b-e793b4f599a1,fb99272f-4006-4c0f-a0af-462d45fc5198,2022-10-26,18:08:29.06,2022-10-26,22:08:29.06,2022-10-26T18:08:29.0640000-04:00,2022-10-26T22:08:29.0640000Z,CEN_COL,CEN_COL,FoulBall,Undefined,NoShift,69.83674,52.31863,90.99418,30.00317,79.07641,-55.12236,,,254.40162,-121.01865,308.55985,-0.20548,271.23228,150.68846
84a029d9-6b6c-4891-9286-e3b480981075,51,c6d28590-557a-11ed-a59b-e793b4f599a1,1a26dd7d-f772-4985-91d9-455ec3a46d8a,2022-10-26,18:08:52.19,2022-10-26,22:08:52.19,2022-10-26T18:08:52.1950000-04:00,2022-10-26T22:08:52.1950000Z,CEN_COL,CEN_COL,BallCalled,Undefined,NoShift,69.37026,52.2761,90.02929,31.17229,76.20412,-53.73691,,,252.24068,-118.67839,314.62948,2.98055,271.99553,149.75672
84a029d9-6b6c-4891-9286-e3b480981075,52,e70c56b0-557a-11ed-a59b-e793b4f599a1,165c86c4-3fc3-44ae-a13c-9e65ec5932e9,2022-10-26,18:09:46.20,2022-10-26,22:09:46.20,2022-10-26T18:09:46.2030000-04:00,2022-10-26T22:09:46.2030000Z,CEN_COL,CEN_COL,BallCalled,Undefined,NoShift,63.82576,60.14109,134.45434,27.96942,71.83931,-50.01755,133.98273,-26.2723,270.79808,-130.55955,328.05109,0.56589,274.77622,151.44138
84a029d9-6b6c-4891-9286-e3b480981075,53,02c1b120-557b-11ed-a59b-e793b4f599a1,32cb45a3-9b21-4c23-ba8b-f33d3ddffc07,2022-10-26,18:10:32.68,2022-10-26,22:10:32.68,2022-10-26T18:10:32.6810000-04:00,2022-10-26T22:10:32.6810000Z,CEN_COL,CEN_COL,InPlay,Out,NoShift,65.17738,60.66005,135.73976,25.79066,77.45383,-54.51871,132.53712,-25.48869,265.84961,-128.41423,320.78952,1.17866,274.40155,149.78964
84a029d9-6b6c-4891-9286-e3b480981075,54,1a131530-557b-11ed-a59b-e793b4f599a1,b1d1c9c1-b5e5-4a86-8a54-022c282269f8,2022-10-26,18:11:11.89,2022-10-26,22:11:11.89,2022-10-26T18:11:11.8920000-04:00,2022-10-26T22:11:11.8920000Z,CEN_COL,CEN_COL,BallCalled,Undefined,NoShift,65.87074,59.51869,147.13955,41.93819,95.32518,-76.7837,148.62275,-38.4989,272.12529,-145.00494,321.00922,-1.8032,275.22245,148.17365
84a029d9-6b6c-4891-9286-e3b480981075,55,25007a00-557b-11ed-a59b-e793b4f599a1,8119f181-4689-428f-b609-5a91e55484a8,2022-10-26,18:11:30.21,2022-10-26,22:11:30.21,2022-10-26T18:11:30.2100000-04:00,2022-10-26T22:11:30.2100000Z,CEN_COL,CEN_COL,BallCalled,Undefined,NoShift,67.75886,59.11085,144.24436,43.90282,94.05495,-73.46949,147.26935,-38.17937,270.43902,-141.13861,314.82474,0.10899,276.10207,149.39336
84a029d9-6b6c-4891-9286-e3b480981075,56,339e3ca0-557b-11ed-a59b-e793b4f599a1,88ba8290-6c84-4d40-9a15-8fac4b1ae906,2022-10-26,18:11:54.73,2022-10-26,22:11:54.73,2022-10-26T18:11:54.7360000-04:00,2022-10-26T22:11:54.7360000Z,CEN_COL,CEN_COL,StrikeSwinging,Undefined,NoShift,64.22203,60.96744,145.33417,43.41198,94.11276,-75.28614,143.98271,-39.85169,269.30826,-139.96577,321.24475,0.6845,277.89274,152.52664
84a029d9-6b6c-4891-9286-e3b480981075,57,48250f00-557b-11ed-a59b-e793b4f599a1,f57c97af-d30f-4a59-93ef-a51a3862f014,2022-10-26,18:12:29.13,2022-10-26,22:12:29.13,2022-10-26T18:12:29.1390000-04:00,2022-10-26T22:12:29.1390000Z,CEN_COL,CEN_COL,BallCalled,Undefined,NoShift,65.19199,60.9117,143.88479,43.95434,79.20807,-61.5893,142.18483,-38.86143,267.79295,-139.55524,316.43921,2.00356,278.16062,152.67118
84a029d9-6b6c-4891-9286-e3b480981075,58,60fec0c0-557b-11ed-a59b-e793b4f599a1,7ae5b14d-f222-4cad-b123-30186d203015,2022-10-26,18:13:10.69,2022-10-26,22:13:10.69,2022-10-26T18:13:10.6940000-04:00,2022-10-26T22:13:10.6940000Z,CEN_COL,CEN_COL,FoulBall,Undefined,NoShift,96.82883,75.11625,144.58823,41.40392,96.03124,-77.78411,144.20291,-41.19312,273.80332,-146.73212,317.25723,1.70373,279.69608,152.15777
84a029d9-6b6c-4891-9286-e3b480981075,59,704f3190-557b-11ed-a59b-e793b4f599a1,ee786ad3-344a-40ca-8674-54b8d2b60222,2022-10-26,18:13:36.50,2022-10-26,22:13:36.50,2022-10-26T18:13:36.5080000-04:00,2022-10-26T22:13:36.5080000Z,CEN_COL,CEN_COL,BallCalled,Undefined,NoShift,95.59632,74.80286,142.88995,45.04589,96.00797,-78.7506,142.01274,-40.94725,271.84678,-144.21895,312.39854,2.79482,280.59658,153.6332
84a029d9-6b6c-4891-9286-e3b480981075,60,8680f4d0-557b-11ed-a59b-e793b4f599a1,b49d3de6-9358-41bf-99c0-f7be443c8912,2022-10-26,18:14:13.80,2022-10-26,22:14:13.80,2022-10-26T18:14:13.8090000-04:00,2022-10-26T22:14:13.8090000Z,CEN_COL,CEN_COL,FoulBall,Undefined,NoShift,65.82333,60.68005,144.48761,43.92225,76.60375,-58.46342,143.04886,-30.06226,266.53183,-136.58448,313.20559,0.22176,241.94498,117.60433
84a029d9-6b6c-4891-9286-e3b480981075,61,9d259e20-557b-11ed-a59b-e793b4f599a1,1fd95f68-1bdb-41d0-9b6f-eed37dfedd39,2022-10-26,18:14:51.83,2022-10-26,22:14:51.83,2022-10-26T18:14:51.8300000-04:00,2022-10-26T22:14:51.8300000Z,CEN_COL,CEN_COL,BallCalled,Undefined,NoShift,65.49466,60.73067,136.03781,46.77119,78.87053,-58.84383,147.3825,-32.54245,263.16094,-132.13331,315.34416,2.57444,247.729,113.5569
84a029d9-6b6c-4891-9286-e3b480981075,62,b967f650-557b-11ed-a59b-e793b4f599a1,5829c17e-7028-4026-ad7d-f7dd2074d109,2022-10-26,18:15:39.20,2022-10-26,22:15:39.20,2022-10-26T18:15:39.2090000-04:00,2022-10-26T22:15:39.2090000Z,CEN_COL,CEN_COL,StrikeCalled,Undefined,NoShift,98.99536,78.32763,143.26803,43.07032,92.62988,-75.05555,144.64438,-41.89794,261.89124,-136.0556,319.76413,2.15379,250.29381,116.55069
84a029d9-6b6c-4891-9286-e3b480981075,63,c594b8f0-557b-11ed-a59b-e793b4f599a1,8a2df527-b411-4b41-9200-cfd9aefb0e47,2022-10-26,18:15:59.58,2022-10-26,22:15:59.58,2022-10-26T18:15:59.5850000-04:00,2022-10-26T22:15:59.5850000Z,CEN_COL,CEN_COL,BallCalled,Undefined,NoShift,97.72488,77.1267,142.96708,44.31025,94.72436,-76.37844,142.69989,-40.98636,265.88145,-136.05349,313.77079,1.38187,247.6561,116.00563
84a029d9-6b6c-4891-9286-e3b480981075,64,d331d470-557b-11ed-a59b-e793b4f599a1,e4a781f3-34ff-466d-b95d-ce2575d58bb6,2022-10-26,18:16:22.44,2022-10-26,22:16:22.44,2022-10-26T18:16:22.4400000-04:00,2022-10-26T22:16:22.4400000Z,CEN_COL,CEN_COL,InPlay,Out,NoShift,97.03829,78.62583,143.81083,43.51056,95.7961,-76.89468,143.35267,-44.28317,266.90135,-135.25572,315.41186,2.79466,252.37329,118.8834
84a029d9-6b6c-4891-9286-e3b480981075,65,4b2fc180-557c-11ed-a59b-e793b4f599a1,6d46746c-d84a-4a62-98ad-44c0304a24c6,2022-10-26,18:19:43.60,2022-10-26,22:19:43.60,2022-10-26T18:19:43.6000000-04:00,2022-10-26T22:19:43.6000000Z,CEN_COL,CEN_COL,BallCalled,Undefined,NoShift,85.31898,75.5921,157.08074,71.51538,83.15215,-49.62352,,,259.96739,-118.32331,331.83379,42.77448,265.16964,157.87823
84a029d9-6b6c-4891-9286-e3b480981075,66,57956e70-557c-11ed-a59b-e793b4f599a1,79b12324-78c2-49f8-a82b-60720c94c701,2022-10-26,18:20:04.58,2022-10-26,22:20:04.58,2022-10-26T18:20:04.5870000-04:00,2022-10-26T22:20:04.5870000Z,CEN_COL,CEN_COL,InPlay,Out,NoShift,85.82664,75.27088,155.26445,69.39381,91.04051,-54.95771,,,261.28197,-115.90843,330.47436,43.62395,259.72451,153.94948
84a029d9-6b6c-4891-9286-e3b480981075,67,6ddcdc90-557c-11ed-a59b-e793b4f599a1,b4d461b6-54bd-4958-9fc0-16da6a3c71ed,2022-10-26,18:20:41.78,2022-10-26,22:20:41.78,2022-10-26T18:20:41.7890000-04:00,2022-10-26T22:20:41.7890000Z,CEN_COL,CEN_COL,BallCalled,Undefined,NoShift,79.29316,57.35576,141.68383,37.68836,73.35625,-53.13491,143.05067,-38.6591,262.36751,-139.78309,315.77758,-6.16504,245.90047,149.39293
84a029d9-6b6c-4891-9286-e3b480981075,68,75d98a10-557c-11ed-a59b-e793b4f599a1,92fb9569-8917-44bd-8204-7c0413063c53,2022-10-26,18:20:55.19,2022-10-26,22:20:55.19,2022-10-26T18:20:55.1940000-04:00,2022-10-26T22:20:55.1940000Z,CEN_COL,CEN_COL,BallCalled,Undefined,NoShift,81.17441,60.81569,142.22061,37.43778,84.47019,-57.17558,144.59645,-38.52796,265.18779,-138.87709,320.59425,-5.83539,242.07698,142.42697
84a029d9-6b6c-4891-9286-e3b480981075,69,82d0a190-557c-11ed-a59b-e793b4f599a1,3a3900c7-d7ec-4ec9-ac23-307eb34646b7,2022-10-26,18:21:17.15,2022-10-26,22:21:17.15,2022-10-26T18:21:17.1590000-04:00,2022-10-26T22:21:17.1590000Z,CEN_COL,CEN_COL,StrikeCalled,Undefined,NoShift,79.8716,59.59071,140.29517,36.12528,86.05375,-60.08715,145.43545,-39.87906,265.83733,-135.1443,319.43977,-5.70285,242.27596,141.98512
84a029d9-6b6c-4891-9286-e3b480981075,70,8d2a2ad0-557c-11ed-a59b-e793b4f599a1,ecb8e446-d647-49d3-a591-b41780999ed2,2022-10-26,18:21:34.34,2022-10-26,22:21:34.34,2022-10-26T18:21:34.3400000-04:00,2022-10-26T22:21:34.3400000Z,CEN_COL,CEN_COL,FoulBall,Undefined,NoShift,80.30157,59.90258,140.3342,36.72377,88.52093,-64.01203,144.9273,-41.76785,264.47192,-138.41995,321.49879,-5.52455,242.27285,140.53372
84a029d9-6b6c-4891-9286-e3b480981075,71,a289d100-557c-11ed-a59b-e793b4f599a1,a03bf953-f970-4fe5-a8aa-356a8d29300d,2022-10-26,18:22:10.32,2022-10-26,22:22:10.32,2022-10-26T18:22:10.3210000-04:00,2022-10-26T22:22:10.3210000Z,CEN_COL,CEN_COL,BallCalled,Undefined,NoShift,78.7735,59.78761,139.83976,33.40689,86.62388,-62.7675,142.62122,-37.02325,262.96545,-135.84783,318.36167,-5.57776,236.45517,140.92984
84a029d9-6b6c-4891-9286-e3b480981075,72,b04040e0-557c-11ed-a59b-e793b4f599a1,05f0958b-a94e-4393-bd5b-b041751109e9,2022-10-26,18:22:33.33,2022-10-26,22:22:33.33,2022-10-26T18:22:33.3380000-04:00,2022-10-26T22:22:33.3380000Z,CEN_COL,CEN_COL,InPlay,Out,NoShift,82.83272,62.62035,141.70597,33.87933,87.84477,-63.87372,147.14336,-36.70522,262.02538,-135.2551,318.89079,-4.6617,235.39422,141.13414
84a029d9-6b6c-4891-9286-e3b480981075,73,c43867d0-557c-11ed-a59b-e793b4f599a1,8bf381d3-3ce9-4917-b192-2b146f0bd702,2022-10-26,18:23:06.60,2022-10-26,22:23:06.60,2022-10-26T18:23:06.6070000-04:00,2022-10-26T22:23:06.6070000Z,CEN_COL,CEN_COL,BallCalled,Undefined,NoShift,82.05458,61.28057,146.95518,31.71167,86.0733,-67.64151,141.10178,-46.34436,270.47089,-135.9672,326.70979,-5.34385,255.20657,144.53333
84a029d9-6b6c-4891-9286-e3b480981075,74,cd108130-557c-11ed-a59b-e793b4f599a1,4fe613ad-499c-4317-9ff9-c6f99bfb3f60,2022-10-26,18:23:21.61,2022-10-26,22:23:21.61,2022-10-26T18:23:21.6120000-04:00,2022-10-26T22:23:21.6120000Z,CEN_COL,CEN_COL,InPlay,Out,NoShift,80.37179,60.44074,144.00314,32.46568,87.53807,-68.73601,141.65732,-44.13306,270.24271,-135.90808,323.51576,-5.24961,252.52886,142.83172
84a029d9-6b6c-4891-9286-e3b480981075,75,5125fb30-557d-11ed-a59b-e793b4f599a1,c1be4af5-c080-4d6f-acfe-1d02d910d898,2022-10-26,18:27:03.13,2022-10-26,22:27:03.13,2022-10-26T18:27:03.1300000-04:00,2022-10-26T22:27:03.1300000Z,CEN_COL,CEN_COL,BallCalled,Undefined,NoShift,78.1324,59.79838,145.4791,34.28054,77.02874,-55.06535,144.29992,-42.34404,255.20904,-143.44017,315.2725,-5.46584,270.72266,127.40536
84a029d9-6b6c-4891-9286-e3b480981075,76,5938efd0-557d-11ed-a59b-e793b4f599a1,1e10e905-8d50-4c0c-a3e1-1b7903fa6f55,2022-10-26,18:27:16.80,2022-10-26,22:27:16.80,2022-10-26T18:27:16.8080000-04:00,2022-10-26T22:27:16.8080000Z,CEN_COL,CEN_COL,BallCalled,Undefined,NoShift,78.49119,60.35706,145.94172,34.49638,84.40961,-62.35473,143.79059,-44.03228,258.51892,-146.00527,317.12083,-6.31733,269.52838,129.30445
84a029d9-6b6c-4891-9286-e3b480981075,77,60b6d060-557d-11ed-a59b-e793b4f599a1,344bcec1-a2d1-4a46-972d-8929b6d620d4,2022-10-26,18:27:29.36,2022-10-26,22:27:29.36,2022-10-26T18:27:29.3630000-04:00,2022-10-26T22:27:29.3630000Z,CEN_COL,CEN_COL,StrikeCalled,Undefined,NoShift,78.21567,59.74295,145.43584,34.71363,84.47125,-65.38417,144.51389,-46.35621,256.72328,-146.83415,327.93078,-6.26478,273.5462,131.47193
84a029d9-6b6c-4891-9286-e3b480981075,78,685be800-557d-11ed-a59b-e793b4f599a1,b7ccaff1-ffee-4cd5-9110-dcbcd899044d,2022-10-26,18:27:42.23,2022-10-26,22:27:42.23,2022-10-26T18:27:42.2330000-04:00,2022-10-26T22:27:42.2330000Z,CEN_COL,CEN_COL,FoulBall,Undefined,NoShift,77.85959,59.85283,144.87306,34.74985,85.14868,-66.40672,143.73563,-43.24687,255.20654,-146.92268,324.33356,-6.9228,272.02131,129.76431
84a029d9-6b6c-4891-9286-e3b480981075,79,739263c0-557d-11ed-a59b-e793b4f599a1,d9577151-6076-4eb2-a8a9-dd5120b36ef3,2022-10-26,18:28:01.01,2022-10-26,22:28:01.01,2022-10-26T18:28:01.0120000-04:00,2022-10-26T22:28:01.0120000Z,CEN_COL,CEN_COL,BallCalled,Undefined,,,,,,,,,,,,,,,
84a029d9-6b6c-4891-9286-e3b480981075,80,7ad62180-557d-11ed-a59b-e793b4f599a1,8eb70933-d4f3-4110-b6aa-788f7017af31,2022-10-26,18:28:13.24,2022-10-26,22:28:13.24,2022-10-26T18:28:13.2400000-04:00,2022-10-26T22:28:13.2400000Z,CEN_COL,CEN_COL,FoulBall,Undefined,,,,,,,,,,,,,,,
84a029d9-6b6c-4891-9286-e3b480981075,81,878fbad0-557d-11ed-a59b-e793b4f599a1,9ce57aa4-5300-48d0-a49d-cecf96a5f4ba,2022-10-26,18:28:34.54,2022-10-26,22:28:34.54,2022-10-26T18:28:34.5400000-04:00,2022-10-26T22:28:34.5400000Z,CEN_COL,CEN_COL,BallCalled,Undefined,NoShift,84.89035,65.96696,143.5011,35.68567,87.19145,-67.42239,141.67947,-45.7795,264.14514,-149.43923,320.5999,-6.55936,275.59518,135.27016
84a029d9-6b6c-4891-9286-e3b480981075,82,9d138ad0-557d-11ed-a59b-e793b4f599a1,f4d546a3-4fef-4538-9a17-437998e4c1ba,2022-10-26,18:29:10.55,2022-10-26,22:29:10.55,2022-10-26T18:29:10.5510000-04:00,2022-10-26T22:29:10.5510000Z,CEN_COL,CEN_COL,InPlay,Single,NoShift,64.45758,60.53877,145.53833,32.93087,72.96193,-53.11277,136.93168,-24.62572,263.88963,-154.49627,336.64914,-8.20055,282.57589,135.86492
84a029d9-6b6c-4891-9286-e3b480981075,83,b63c46f0-557d-11ed-a59b-e793b4f599a1,3065c433-b010-4daf-91da-08bd984d7ccd,2022-10-26,18:29:52.84,2022-10-26,22:29:52.84,2022-10-26T18:29:52.8440000-04:00,2022-10-26T22:29:52.8440000Z,CEN_COL,CEN_COL,InPlay,Out,NoShift,79.5965,66.6374,136.9412,37.83561,62.18099,-43.01032,136.73912,-23.68265,259.43738,-132.4473,334.67105,5.38733,273.53366,149.37101
84a029d9-6b6c-4891-9286-e3b480981075,84,cee01ba0-557d-11ed-a59b-e793b4f599a1,49526b8f-a070-48c4-b71f-a5e14256b133,2022-10-26,18:30:34.13,2022-10-26,22:30:34.13,2022-10-26T18:30:34.1390000-04:00,2022-10-26T22:30:34.1390000Z,CEN_COL,CEN_COL,StrikeSwinging,Undefined,LeftInfieldShift,67.46085,49.46168,,,70.74598,-54.75285,99.10199,-35.00725,254.60741,-146.67304,321.6211,-4.70201,267.37943,127.12719
84a029d9-6b6c-4891-9286-e3b480981075,85,d9bd7ae0-557d-11ed-a59b-e793b4f599a1,e44ca4b6-bf22-4a70-a39c-b9b3c47836b4,2022-10-26,18:30:52.41,2022-10-26,22:30:52.41,2022-10-26T18:30:52.4180000-04:00,2022-10-26T22:30:52.4180000Z,CEN_COL,CEN_COL,StrikeSwinging,Undefined,NoShift,70.63765,48.7626,108.25448,27.90988,72.05507,-58.20856,98.14421,-36.5185,251.05393,-145.73198,322.43347,-4.28356,268.83453,128.86331
84a029d9-6b6c-4891-9286-e3b480981075,86,e6016f00-557d-11ed-a59b-e793b4f599a1,f1eb4e95-89fb-40fa-afe9-6c196aa7f10e,2022-10-26,18:31:12.96,2022-10-26,22:31:12.96,2022-10-26T18:31:12.9630000-04:00,2022-10-26T22:31:12.9630000Z,CEN_COL,CEN_COL,BallCalled,Undefined,NoShift,73.15591,51.50845,,,69.65655,-53.55252,96.60861,-33.76614,254.48736,-147.67061,317.20185,-6.47623,255.90831,121.95511
84a029d9-6b6c-4891-9286-e3b480981075,87,f0ea8e10-557d-11ed-a59b-e793b4f599a1,61265b00-9633-4199-892d-cf09d0b0a343,2022-10-26,18:31:31.33,2022-10-26,22:31:31.33,2022-10-26T18:31:31.3390000-04:00,2022-10-26T22:31:31.3390000Z,CEN_COL,CEN_COL,BallCalled,Undefined,NoShift,69.00881,50.42282,,,73.22649,-57.94165,96.40873,-32.9403,254.51098,-148.82011,321.20756,-7.131,268.63675,126.09407
84a029d9-6b6c-4891-9286-e3b480981075,88,fd370db0-557d-11ed-a59b-e793b4f599a1,c50c256f-f59d-4c0c-8b76-f3d35b458e05,2022-10-26,18:31:51.93,2022-10-26,22:31:51.93,2022-10-26T18:31:51.9350000-04:00,2022-10-26T22:31:51.9350000Z,CEN_COL,CEN_COL,InPlay,Out,NoShift,69.18305,50.73765,,,72.03554,-57.06941,93.71215,-34.54251,252.25299,-146.2035,329.19383,-7.72772,268.61571,126.79893
84a029d9-6b6c-4891-9286-e3b480981075,89,1b43c5a0-557e-11ed-a59b-e793b4f599a1,542574a5-f59c-4e60-a754-18c5a5d60044,2022-10-26,18:32:42.34,2022-10-26,22:32:42.34,2022-10-26T18:32:42.3470000-04:00,2022-10-26T22:32:42.3470000Z,CEN_COL,CEN_COL,InPlay,Out,NoShift,85.31492,70.78799,146.78555,42.86622,73.97916,-57.61428,144.40865,-10.31512,257.06356,-135.90798,330.38799,-5.14224,278.414,136.78422
84a029d9-6b6c-4891-9286-e3b480981075,90,86b14c40-557e-11ed-a59b-e793b4f599a1,d510254d-4b6d-4d01-ad6d-44cce3772b53,2022-10-26,18:35:42.61,2022-10-26,22:35:42.61,2022-10-26T18:35:42.6100000-04:00,2022-10-26T22:35:42.6100000Z,CEN_COL,CEN_COL,BallCalled,Undefined,NoShift,,,156.19508,78.50519,77.62548,-41.91169,,,250.46587,-110.93747,314.54996,2.99041,251.35136,160.36353
84a029d9-6b6c-4891-9286-e3b480981075,91,914e2010-557e-11ed-a59b-e793b4f599a1,0cb5de64-10b3-455b-be2d-9337814a0f8f,2022-10-26,18:36:00.41,2022-10-26,22:36:00.41,2022-10-26T18:36:00.4120000-04:00,2022-10-26T22:36:00.4120000Z,CEN_COL,CEN_COL,FoulBall,Undefined,NoShift,77.50741,72.85702,155.49078,82.16067,78.324,-42.03476,,,252.08491,-104.98808,323.57148,5.33613,251.4597,160.15765
84a029d9-6b6c-4891-9286-e3b480981075,92,9df85010-557e-11ed-a59b-e793b4f599a1,772b62d2-76d0-40b4-8103-0fc6e4260f24,2022-10-26,18:36:21.58,2022-10-26,22:36:21.58,2022-10-26T18:36:21.5870000-04:00,2022-10-26T22:36:21.5870000Z,CEN_COL,CEN_COL,StrikeSwinging,Undefined,NoShift,,,155.68634,82.92673,78.43111,-40.85128,,,249.86359,-104.58915,326.63121,3.71182,254.5615,162.50854
84a029d9-6b6c-4891-9286-e3b480981075,93,ab2d33e0-557e-11ed-a59b-e793b4f599a1,ac62749e-35fd-4ee0-a2b7-d316ad5265ab,2022-10-26,18:36:43.84,2022-10-26,22:36:43.84,2022-10-26T18:36:43.8470000-04:00,2022-10-26T22:36:43.8470000Z,CEN_COL,CEN_COL,StrikeCalled,Undefined,NoShift,,,157.07619,86.04617,136.6754,-50.99929,,,264.50225,-108.0417,323.174,4.92688,258.14555,163.81443
84a029d9-6b6c-4891-9286-e3b480981075,94,bd87b060-557e-11ed-a59b-e793b4f599a1,3515c3a0-ffc9-4d32-b16e-969908a22e3e,2022-10-26,18:37:14.66,2022-10-26,22:37:14.66,2022-10-26T18:37:14.6690000-04:00,2022-10-26T22:37:14.6690000Z,CEN_COL,CEN_COL,BallCalled,Undefined,NoShift,70.94411,57.92847,137.50555,48.73722,71.20537,-50.68241,144.62121,-32.85749,265.92196,-127.78021,310.22903,0.03907,247.69066,138.97609
84a029d9-6b6c-4891-9286-e3b480981075,95,c6ee9c40-557e-11ed-a59b-e793b4f599a1,2b469018-fc4a-472e-acea-26c854f92504,2022-10-26,18:37:30.41,2022-10-26,22:37:30.41,2022-10-26T18:37:30.4190000-04:00,2022-10-26T22:37:30.4190000Z,CEN_COL,CEN_COL,BallCalled,Undefined,NoShift,69.38954,56.74997,137.95299,49.93711,71.01505,-50.06573,147.20351,-31.72771,270.04295,-129.79899,309.27492,13.49035,251.28743,141.8657
84a029d9-6b6c-4891-9286-e3b480981075,96,d5d1f360-557e-11ed-a59b-e793b4f599a1,88a39b60-64c9-4f86-9421-68625ff1efcf,2022-10-26,18:37:55.36,2022-10-26,22:37:55.36,2022-10-26T18:37:55.3640000-04:00,2022-10-26T22:37:55.3640000Z,CEN_COL,CEN_COL,StrikeCalled,Undefined,NoShift,72.0803,57.27332,140.47642,50.83826,71.14877,-50.53417,146.79623,-31.85216,267.13194,-127.44984,322.44876,17.45233,250.72177,141.5348
84a029d9-6b6c-4891-9286-e3b480981075,97,dee67980-557e-11ed-a59b-e793b4f599a1,b349dfd0-606c-4f4b-a344-bdc28f48261d,2022-10-26,18:38:10.60,2022-10-26,22:38:10.60,2022-10-26T18:38:10.6070000-04:00,2022-10-26T22:38:10.6070000Z,CEN_COL,CEN_COL,StrikeCalled,Undefined,NoShift,73.45124,57.24997,140.77231,56.49253,73.22622,-51.61775,148.03116,-28.55263,266.20607,-127.01058,328.33086,17.26686,247.79201,140.37925
84a029d9-6b6c-4891-9286-e3b480981075,98,eb6aaaf0-557e-11ed-a59b-e793b4f599a1,8b803390-b097-48a6-b1f9-c8d2795ed2bb,2022-10-26,18:38:31.64,2022-10-26,22:38:31.64,2022-10-26T18:38:31.6480000-04:00,2022-10-26T22:38:31.6480000Z,CEN_COL,CEN_COL,BallCalled,Undefined,NoShift,72.90339,57.09218,139.84314,54.57002,97.25324,-60.95784,147.05177,-26.4183,269.47503,-127.41194,325.82562,17.06636,251.72264,143.27831
84a029d9-6b6c-4891-9286-e3b480981075,99,fbc81ef0-557e-11ed-a59b-e793b4f599a1,6f1c14a1-fd85-4ab2-8c11-07c8a877bfb3,2022-10-26,18:38:58.98,2022-10-26,22:38:58.98,2022-10-26T18:38:58.9800000-04:00,2022-10-26T22:38:58.9800000Z,CEN_COL,CEN_COL,BallCalled,Undefined,NoShift,71.65456,57.96654,139.00145,58.18443,99.90228,-64.19185,147.54211,-28.39719,265.34063,-125.67805,308.83949,15.33152,253.83455,144.2694
84a029d9-6b6c-4891-9286-e3b480981075,100,16938e90-557f-11ed-a59b-e793b4f599a1,0cf7a53d-83f9-42c2-b996-c72c9af21a82,2022-10-26,18:39:43.93,2022-10-26,22:39:43.93,2022-10-26T18:39:43.9300000-04:00,2022-10-26T22:39:43.9300000Z,CEN_COL,CEN_COL,InPlay,Out,NoShift,64.38115,61.6325,137.25663,32.46532,88.25955,-68.79552,146.30968,-25.86958,289.79377,-158.15029,336.4696,17.68565,272.41212,148.89111
84a029d9-6b6c-4891-9286-e3b480981075,101,50cd6900-557f-11ed-a59b-e793b4f599a1,8b752dcb-826c-448e-979e-d1a3132f56d1,2022-10-26,18:41:21.65,2022-10-26,22:41:21.65,2022-10-26T18:41:21.6540000-04:00,2022-10-26T22:41:21.6540000Z,CEN_COL,CEN_COL,FoulBall,Undefined,LeftInfieldShift,62.98581,60.73691,148.62047,-19.24029,89.59666,-78.37819,135.59902,-63.78933,300.58253,-172.90411,357.54213,-0.97721,288.06588,154.70596
84a029d9-6b6c-4891-9286-e3b480981075,102,6354e8f0-557f-11ed-a59b-e793b4f599a1,24d25c33-ac44-4c9d-87c3-8fe14d41ebc3,2022-10-26,18:41:52.78,2022-10-26,22:41:52.78,2022-10-26T18:41:52.7820000-04:00,2022-10-26T22:41:52.7820000Z,CEN_COL,CEN_COL,InPlay,Out,LeftInfieldShift,63.1478,60.92753,150.75969,-14.0111,88.40666,-77.35525,134.76554,-61.69127,297.55611,-169.35249,344.41746,0.58279,286.02207,153.34748